day,year,season,season_day,partial,items_total/produced,items_total/withdrawn,items_total/spoiled,kitchen/portions_eaten,kitchen/cooked_milli,kitchen/raw_eaten_milli,kitchen/table_spoiled_portions,stock/total_milli,reserve_days_milli_min,reserve_days_milli_end,meals/ate,meals/raw,meals/without,fed_resident_hours/fed,fed_resident_hours/peckish,fed_resident_hours/hungry,labour_ticks/work,labour_ticks/idle,labour_ticks/meal,labour_ticks/rest,labour_ticks/other,board/queue_max,board/claimed,board/dropped,board/wait_ticks_sum,board/wait_ticks_max,materials/wood/in,materials/wood/out,materials/wood/end,materials/planks/end,materials/stone/end,materials/earth/end,weather/event,weather/frost_night,weather/blight_outbreak,weather/air_tenths_min,beds/sown,beds/harvested,beds/growing_end,incidents/occurrences,incidents/critical,rescues,hearths/burned_milli,hearths/heated_hours,hearths/cold_hours,hearths/fuel_days_hundredths_end,apiary/honey_made_milli,apiary/released_milli,apiary/fed_from_hive_milli,apiary/strength_end
0,0,0,1,0,7040,18000,0,16,18000,0,0,79040,2178,2178,11,0,7,153,0,0,28496,53184,12640,27072,0,15,20,1,9768,1132,0,2900,37100,2000,20000,0,,0,0,120,9,0,16,2,0,0,0,0,0,0,1600,0,0,8300
1,0,0,2,0,5100,37000,0,25,33000,0,0,47140,1285,1285,16,0,2,211,5,0,28592,52304,13568,67536,0,6,11,1,17652,4512,0,3300,33800,4000,20000,0,,0,0,120,1,1,16,1,0,0,0,0,0,0,1660,0,1600,8600
2,0,0,3,0,9592,31000,0,26,31000,0,0,25732,535,535,18,0,0,159,41,16,20784,60896,12784,67536,0,5,10,0,21800,5364,0,1200,32600,4000,20000,0,,0,0,120,0,0,16,1,0,0,0,0,0,0,1720,0,1660,8900
3,0,0,4,0,6640,18000,3040,15,18000,0,0,11332,214,214,15,0,3,97,37,82,14752,67936,11776,67536,0,4,8,0,15504,4512,0,700,31900,4000,20000,0,,0,0,120,0,0,16,1,0,0,0,0,0,0,1780,0,1720,9200
4,0,0,5,0,12940,20200,0,14,14000,6200,0,4072,0,71,14,4,0,5,85,126,25984,52944,15536,67536,0,4,12,1,16348,4512,0,700,31200,4000,20000,0,,0,0,120,0,1,15,1,0,0,0,0,0,0,1840,760,1020,9500
5,0,0,6,0,9000,11600,0,8,9000,2600,0,1472,0,0,8,2,8,0,9,207,20864,62056,11535,67536,0,5,16,0,17332,4512,0,400,30800,4000,20000,0,ideal_spell,0,0,180,1,0,16,1,0,0,0,0,0,0,1900,1840,0,9800
6,0,0,7,0,9132,9900,0,8,8000,1900,0,704,0,0,8,1,9,0,10,206,16608,72736,5120,67536,0,4,6,1,13564,4512,0,400,30400,4000,20000,0,ideal_spell,0,0,180,0,0,16,8,1,0,0,0,0,0,1960,1900,0,10000
7,0,0,8,0,34217,9200,0,8,8000,1200,0,25721,0,571,8,1,9,0,7,209,39568,49264,5632,67536,0,9,14,0,13668,4512,0,400,30000,4000,20000,0,ideal_spell,0,0,180,1,4,13,2,0,0,0,0,0,0,2000,1960,0,10000
8,0,0,9,0,9048,22100,0,16,20000,2100,0,12669,285,285,16,1,1,0,8,208,41392,38816,14256,67536,0,6,17,0,20208,4508,19750,800,48950,4000,20000,0,,0,0,120,0,0,13,1,0,0,0,0,0,0,2000,2000,0,10000
9,0,0,10,0,13220,21116,0,14,14000,4116,0,4773,0,71,14,3,1,0,15,201,39728,42464,12272,67536,0,8,24,2,44536,7508,18000,783,66167,4000,20000,0,,0,0,120,0,1,12,3,0,0,83,1,0,2512,2000,2000,0,10000
10,0,0,11,0,9080,13000,0,10,11000,2000,0,853,0,0,10,1,7,0,11,205,20960,61680,11824,67536,0,4,10,0,14964,4508,0,2417,63750,4000,20000,0,,1,0,-30,0,0,12,2,0,0,1917,23,0,0,2000,2000,0,10000
11,0,0,12,0,13262,9166,0,6,6000,3166,0,4949,0,71,6,2,10,0,8,208,17838,71289,5328,67536,0,6,6,0,13556,4508,0,300,63450,4000,20000,0,,0,1,120,0,1,11,2,0,0,0,0,0,0,2000,2000,0,10000
12,0,1,1,0,65849,18285,0,8,9000,9285,0,52513,0,857,8,3,7,0,14,202,67520,14880,12064,67536,0,12,48,1,45428,6844,0,400,63050,4000,20000,0,,0,0,220,8,4,15,1,0,0,0,0,0,0,2000,2000,0,10000
13,0,1,2,0,45386,30715,0,25,28000,715,0,67184,714,964,17,1,0,0,76,140,62864,17424,14176,67536,0,15,44,4,87956,9380,0,1400,61650,4000,20000,0,,0,0,220,3,2,16,1,0,0,0,0,0,0,2000,2000,0,10000
14,0,1,3,0,23000,38785,14138,20,20000,9285,3,37261,142,142,15,3,0,0,67,149,41344,38864,14256,67536,0,12,28,0,35756,7508,0,1000,60650,4000,20000,0,,0,0,220,0,0,16,2,0,0,0,0,0,0,2000,2000,0,10000
15,0,1,4,0,30811,38500,1001,8,8000,24000,0,28571,0,0,8,10,0,0,31,185,47328,28560,18576,67536,0,11,37,0,50788,6780,0,400,60250,4000,20000,0,,0,1,220,0,0,16,1,0,0,0,0,0,0,2000,2000,0,10000
16,0,1,5,0,35104,19000,0,8,8000,4000,0,44675,0,0,8,4,6,0,22,194,51424,30960,12080,67527,0,14,33,1,45532,8644,0,400,59850,4000,20000,0,,0,0,220,0,1,15,4,1,0,0,0,0,0,2000,2000,0,10000
17,0,1,6,0,44053,36070,5000,6,6000,22570,0,47658,0,214,6,9,3,0,31,185,47952,32064,14448,67536,0,10,36,3,40093,6999,0,300,59550,4000,20000,0,calm_days,0,0,220,0,3,12,2,0,0,0,0,0,0,2000,2000,0,10000
18,0,1,7,0,44760,42215,0,15,21000,11715,0,50203,107,214,13,4,1,3,43,170,50992,26592,16880,67536,0,12,33,3,60308,7504,0,600,58950,4000,20000,0,calm_days,0,0,220,0,2,10,1,0,0,0,0,0,0,2000,2000,0,10000
19,0,1,8,0,45347,29836,60,6,7000,16836,0,65654,0,0,6,8,4,0,19,197,50416,26096,17952,67536,0,10,39,3,50420,7504,0,300,58650,4000,20000,0,,0,0,220,0,4,6,1,0,0,0,0,0,0,2000,0,0,10000
20,0,1,9,0,40642,29875,1856,4,4000,24875,0,74565,0,0,4,10,4,0,33,183,45776,36736,11952,67536,0,11,28,1,63016,8844,0,200,58450,4000,20000,0,,0,0,220,0,2,4,2,0,0,0,0,0,0,2000,2000,0,10000
21,0,1,10,0,27945,24570,0,6,6000,14570,0,77940,0,0,6,9,3,0,32,184,40512,41584,12368,67536,0,8,21,4,36980,7520,0,300,58150,4000,20000,0,,0,1,220,0,0,4,2,0,0,0,0,0,0,2000,2000,0,10000
22,0,1,11,0,37547,29340,0,8,8000,13840,0,86147,0,0,8,6,4,0,31,185,48185,33342,12928,67536,0,10,26,2,36800,7336,0,400,57750,4000,20000,0,,0,0,220,0,0,4,2,0,0,0,0,0,0,2000,2000,0,10000
23,0,1,12,0,45547,38500,0,6,6000,23000,0,93194,0,0,6,10,2,0,34,182,43920,38704,11840,67536,0,8,23,2,21580,7504,0,300,57450,4000,20000,0,,0,0,220,0,0,4,2,0,0,0,0,0,0,2000,2000,0,10000
24,0,2,1,0,76800,28000,0,8,8000,15000,0,141994,0,0,8,6,4,0,28,188,58240,24656,11568,67536,0,10,37,4,47428,7504,0,400,57050,4000,20000,0,,0,0,100,0,0,4,2,0,0,0,0,0,0,2000,2000,0,10000
25,0,2,2,0,36918,41279,0,8,8000,15779,0,137633,0,0,8,7,3,0,23,193,60208,22240,12016,67536,0,14,39,11,32068,7508,0,483,56567,4000,20000,0,,0,0,100,0,0,4,3,0,0,83,1,0,2390,2000,2000,0,10000
26,0,2,3,0,90270,34157,0,8,8000,8657,0,193746,0,0,8,6,4,0,7,209,57968,25456,11040,67536,0,12,40,3,40152,7520,0,2317,54250,4000,20000,0,,1,0,-30,0,0,4,3,1,0,1917,23,0,0,2000,2000,0,10000
27,0,2,4,0,46131,25730,0,8,8000,8730,0,214147,0,0,8,5,5,0,7,209,56784,27504,10176,67536,0,13,35,3,35740,7512,0,400,53850,4000,20000,0,,0,0,100,0,0,4,2,0,0,0,0,0,0,2000,2000,0,10000
28,0,2,5,0,40376,33106,0,8,8000,11606,0,221417,0,0,8,7,3,0,11,205,53696,27376,13392,67527,0,10,30,3,29404,7511,0,400,53450,4000,20000,0,,0,0,100,0,0,4,2,0,0,0,0,0,0,2000,2000,0,10000
29,0,2,6,0,49368,44580,10000,6,6000,21080,0,216205,0,0,6,8,4,0,28,188,63072,19216,12176,67536,0,11,39,4,32488,6768,0,300,53150,4000,20000,0,ideal_spell,0,1,180,0,0,4,2,0,0,0,0,0,0,2000,2000,0,10000
30,0,2,7,0,43368,36952,11493,8,8000,15952,0,211128,0,0,7,6,5,0,35,181,51888,26336,16240,67536,0,13,36,5,55192,7580,0,400,52750,4000,20000,0,ideal_spell,0,0,180,0,0,4,3,0,0,0,0,0,0,2000,2000,0,10000
31,0,2,8,0,31360,23697,18389,8,8000,7697,0,200402,0,0,8,4,6,0,19,197,60976,20288,13200,67536,0,9,26,2,35656,7504,0,400,52350,4000,20000,0,ideal_spell,1,0,-30,0,0,4,1,0,0,0,0,0,0,2000,2000,0,10000
32,0,2,9,0,38352,28384,18864,6,6000,11384,0,191506,0,0,6,7,5,0,12,204,49792,35776,8896,67536,0,13,27,3,48996,7516,1000,300,53050,4000,20000,0,,0,0,100,0,0,4,1,0,0,0,0,0,0,2000,2000,0,10000
33,0,2,10,0,47822,27099,16854,10,10000,7099,0,195375,0,0,9,4,5,0,24,192,54078,29993,10384,67536,0,12,37,6,36816,7520,0,500,52550,4000,20000,0,,0,0,100,0,0,4,1,0,0,0,0,0,0,2000,2000,0,10000
34,0,2,11,0,42793,21386,20361,8,8000,6886,0,196421,0,0,7,5,6,4,15,197,48288,34736,11440,67536,0,11,26,2,39120,7516,1000,400,53150,4000,20000,0,,0,0,100,0,0,4,1,0,0,0,0,0,0,2000,2000,0,10000
35,0,2,12,0,30304,26018,18989,8,8000,11018,0,181718,0,0,8,6,4,0,34,182,47872,36400,10192,67536,0,8,32,4,20936,7512,0,566,52584,4000,20000,0,,0,0,100,0,0,4,2,0,0,166,1,0,1186,2000,2000,0,10000
36,0,3,1,0,13652,15964,6150,0,0,15964,0,173256,0,142,0,14,4,0,19,197,70688,15040,8736,67536,0,7,26,4,47652,7508,1500,4000,50084,4000,20000,0,,0,0,-50,0,0,4,5,1,0,4000,24,0,1174,0,0,0,10000
37,0,3,2,0,4000,16607,16993,4,4000,12607,0,143656,0,0,4,10,4,0,21,195,64272,19456,10736,67536,0,7,25,6,36028,9228,2000,4200,47884,4000,20000,0,,0,0,-50,0,0,4,1,0,0,4000,24,0,1140,0,0,0,10000
38,0,3,3,0,14720,17661,0,0,0,14661,0,140715,0,71,0,14,4,0,9,207,67232,18576,8656,67536,0,10,26,2,65068,9496,1000,4000,44884,4000,20000,0,,0,0,-50,0,0,4,1,0,0,4000,24,0,1103,0,0,0,10000
39,0,3,4,0,7736,16017,5715,2,2000,14017,0,126719,0,142,2,15,1,0,29,187,52768,28448,13248,67527,0,5,13,0,19051,8231,3750,4100,44534,4000,20000,0,,0,0,-50,0,0,4,2,0,0,4000,24,0,1086,0,0,0,10000
40,0,3,5,0,4000,10993,0,4,4000,6993,0,119726,0,0,4,10,4,0,15,201,55760,27216,11488,67536,0,6,14,0,48764,9384,1500,4200,41834,4000,20000,0,,0,0,-50,0,0,4,1,0,0,4000,24,0,1020,0,0,0,10000
41,0,3,6,0,0,9632,0,0,0,7632,0,110094,0,0,0,14,4,0,10,206,69248,14368,10848,67536,0,5,12,1,25552,7900,0,4000,37834,4000,20000,0,hard_freeze,0,0,-120,0,0,4,1,0,0,4000,24,0,922,0,0,0,10000
42,0,3,7,0,9828,14625,691,4,4000,9625,0,104606,0,0,4,9,5,0,26,190,66816,19792,7856,67536,0,3,8,0,25788,9988,0,4200,33634,4000,20000,0,hard_freeze,0,0,-120,0,0,4,0,0,0,4000,24,0,813,0,0,0,10000
43,0,3,8,0,7836,9250,0,4,4000,4250,0,103192,0,0,4,4,10,0,14,202,66512,23616,4336,67536,0,3,6,0,18696,10240,0,4200,29434,4000,20000,0,hard_freeze,0,0,-120,0,0,4,2,0,0,4000,24,0,712,0,0,0,10000
44,0,3,9,0,7844,6000,0,0,2000,4000,0,105036,0,142,0,3,15,0,8,208,64634,27661,2304,67392,0,4,4,0,7528,7504,1500,4100,26834,4000,20000,0,,0,0,-50,0,0,4,2,0,0,4000,24,0,644,0,0,0,10000
45,0,3,10,0,8044,10000,0,7,6000,4000,0,103080,0,35,7,3,8,0,13,203,53376,29008,12096,67520,0,4,10,0,36770,14899,2000,4300,24534,4000,20000,0,,0,0,-50,0,0,4,1,0,0,4000,24,0,584,0,0,0,10000
46,0,3,11,0,8053,8000,0,5,4000,4000,0,103133,0,0,5,3,10,0,10,206,54640,30576,9248,67536,0,4,9,0,15740,9052,2500,4200,22834,4000,20000,0,,0,0,-50,0,0,4,2,1,0,4000,24,0,543,0,0,0,10000
47,0,3,12,0,8057,5875,0,4,4000,1875,0,105315,0,0,4,3,11,0,8,208,57856,32000,4624,67520,0,10,6,0,12820,9744,2750,4034,21550,4000,20000,0,,0,0,-50,0,0,4,1,0,0,3834,23,0,0,0,0,0,10000
