family,id,source,source_line,summary,primary_task,supporting_tasks,evidence_status
REQ-SET,REQ-SET-001,docs/game_gdd.md,219,"The system shall implement all catalogs, formulas, typed schemas, capacities, and precedence rules in this document as the release 1 ruleset; changed values shall increment the ruleset version.",task04,task09,NOT_ASSESSED
REQ-SET,REQ-SET-002,docs/game_gdd.md,220,"The system shall run authoritative logic at 30 ticks/second of 1× simulation time, using integer arithmetic and the deterministic command/RNG boundaries of the crowd architecture.",task04,task09,NOT_ASSESSED
REQ-SET,REQ-SET-003,docs/game_gdd.md,221,"When game speed is 2× or 4×, the system shall execute two or four times as many fixed ticks per real second without changing per-tick rules.",task04,,NOT_ASSESSED
REQ-SET,REQ-SET-004,docs/game_gdd.md,222,"While paused, the system shall freeze needs, jobs, weather, spoilage, animation phase, and event deadlines while allowing camera, selection, planning, and UI interaction.",task04,task03;task07;task10,NOT_ASSESSED
REQ-SET,REQ-SET-005,docs/game_gdd.md,223,"When an editable command is issued while paused, the system shall append it to the next-tick ordered command queue and render a pending preview without applying gameplay consequences early.",task04,task10,NOT_ASSESSED
REQ-SET,REQ-SET-006,docs/game_gdd.md,224,"The system shall define one day as 18000 ticks, one hour as 750 ticks, one season as 12 days, and one year as 48 days, starting at year 1/spring/day 1/06:00.",task04,task07,NOT_ASSESSED
REQ-SET,REQ-SET-007,docs/game_gdd.md,225,"When a daily boundary occurs at 00:00, the system shall age stocks, update ecology, advance crops/weather, process immigration/departures, then evaluate progression in that order.",task04,task03;task07;task08,NOT_ASSESSED
REQ-SET,REQ-SET-008,docs/game_gdd.md,226,"If the scheduler accumulates more than 0.25 real seconds of backlog at its current speed, then the system shall reduce 4× to 2× or 2× to 1× and display an overload warning; at 1× it shall pause with a diagnostic rather than skip ticks.",task10,task04;task09,NOT_ASSESSED
REQ-SET,REQ-SET-009,docs/game_gdd.md,227,The system shall generate the initial settlement and resource distribution from the fixed initialization contract below.,task04,,NOT_ASSESSED
REQ-SET,REQ-SET-010,docs/game_gdd.md,228,"Where sandbox mode is selected, the system shall use the same survival rules and permit continued play after Charter victory, with no forced objective deadline.",task08,,NOT_ASSESSED
REQ-SET,REQ-SET-011,docs/game_gdd.md,279,"The system shall update needs using the hourly rates, size factors, and remainder rule above, independent of visibility and game speed.",task08,task04,NOT_ASSESSED
REQ-SET,REQ-SET-012,docs/game_gdd.md,280,"When hunger reaches 3500 or lower and the resident can interrupt safely, the system shall reserve a permitted meal and start a 12-WU eating task before ordinary work.",task07,task05;task08,NOT_ASSESSED
REQ-SET,REQ-SET-013,docs/game_gdd.md,281,"If no prepared meal is reachable, then the system shall allow raw-edible nonreserved food when hunger≤1500, selecting enough quantity to add at most 3000 NP and never consuming seed items.",task07,task03;task05,NOT_ASSESSED
REQ-SET,REQ-SET-014,docs/game_gdd.md,282,"While hunger is 0, the system shall remove 4 health/hour and add one starving-hour counter/hour; available food shall remain the highest nonrescue job priority.",task07,task04;task08,NOT_ASSESSED
REQ-SET,REQ-SET-015,docs/game_gdd.md,283,"While rest≤500, the system shall cancel ordinary work, place the resident in floor sleep, and prevent hazardous work until rest≥4000.",task07,task05;task08,NOT_ASSESSED
REQ-SET,REQ-SET-016,docs/game_gdd.md,284,"When health reaches 0, the system shall record death, release all job/bed/input reservations, preserve the identity in the chronicle, and create a burial job and recoverable carried inventory.",task08,task04;task05;task06;task07,NOT_ASSESSED
REQ-SET,REQ-SET-017,docs/game_gdd.md,285,"While health<100 and hunger/rest≥4000 and no untreated serious injury exists, the system shall restore 2 health/hour, increased to 4/hour in an infirmary.",task08,task07,NOT_ASSESSED
REQ-SET,REQ-SET-018,docs/game_gdd.md,286,"If a resident is outdoors or in an unheated room below 0°C without tier 2 clothing, then the system shall add 1 cold exposure/hour; after 4 exposure hours it shall remove 3 health/hour until sheltered or properly clothed.",task07,task06;task08,NOT_ASSESSED
REQ-SET,REQ-SET-019,docs/game_gdd.md,287,"When a resident enters a heated room, the system shall reduce accumulated cold exposure by 2/hour and stop exposure damage immediately.",task07,task06;task08,NOT_ASSESSED
REQ-SET,REQ-SET-020,docs/game_gdd.md,288,"The system shall compute mood as the weighted need average plus active memories using the formula below and shall apply its productivity, conflict, and departure consequences.",task08,,NOT_ASSESSED
REQ-SET,REQ-SET-021,docs/game_gdd.md,289,"When mood remains below 2000 across two consecutive midnights, the system shall issue an intention-to-leave warning; after a third midnight below 2000 it shall mark departure unless the resident is incapacitated.",task08,task10,NOT_ASSESSED
REQ-SET,REQ-SET-022,docs/game_gdd.md,290,"When a warned resident's mood reaches 3500, the system shall clear the departure counter and warning.",task08,task05;task10,NOT_ASSESSED
REQ-SET,REQ-SET-023,docs/game_gdd.md,291,"While a resident is incapacitated, the system shall block departure and create a rescue/care job instead of letting the resident vanish.",task08,task04,NOT_ASSESSED
REQ-SET,REQ-SET-024,docs/game_gdd.md,292,"When a departure completes at the map exit, the system shall remove that resident from population, release their home/tool, and retain relationships and chronicle history under their persistent ID.",task08,task06;task09,NOT_ASSESSED
REQ-SET,REQ-SET-025,docs/game_gdd.md,310,"The system shall retain twelve XP columns but track/award XP only for the eleven active skill/job kinds, with RESERVED_3 permanently zero, and award XP only for productive work that consumes or advances a valid job.",task04,,NOT_ASSESSED
REQ-SET,REQ-SET-026,docs/game_gdd.md,311,"When a player changes a job priority, the system shall accept 0=forbidden,1=highest,2=high,3=normal,4=low and apply the change at the next job-selection boundary.",task04,,NOT_ASSESSED
REQ-SET,REQ-SET-027,docs/game_gdd.md,312,The system shall select jobs in the exact eligibility and ordering sequence defined below.,task04,,NOT_ASSESSED
REQ-SET,REQ-SET-028,docs/game_gdd.md,313,"If no permitted job is available and automatic fallback is enabled, then the system shall allow HAUL, KEEP, and low-risk FORAGE at priority 4 only when their configured priority is nonzero.",task04,task03;task06,NOT_ASSESSED
REQ-SET,REQ-SET-029,docs/game_gdd.md,314,"While automatic fallback is disabled, the system shall leave a resident free to meet needs rather than invent a forbidden occupation.",task04,task08,NOT_ASSESSED
REQ-SET,REQ-SET-030,docs/game_gdd.md,315,"When a job is accepted, the system shall atomically reserve its worker, complete input quantities, output capacity, and destination work slot before movement begins.",task04,task05;task06,NOT_ASSESSED
REQ-SET,REQ-SET-031,docs/game_gdd.md,316,"If a reservation cannot be obtained, then the system shall keep the job queued with the exact blocking cause and shall not partially lock unrelated ingredients.",task04,task06,NOT_ASSESSED
REQ-SET,REQ-SET-032,docs/game_gdd.md,317,"While a resident is traveling to work, the system shall renew reservation leases every 30 ticks and release them if no owner renewal occurs for 300 ticks.",task05,task04;task06;task08,NOT_ASSESSED
REQ-SET,REQ-SET-033,docs/game_gdd.md,318,"If a destination remains unreachable for 300 ticks, then the system shall mark the job blocked, release reservations, and retry after 900 ticks or a navigation revision, whichever comes first.",task05,task04;task06,NOT_ASSESSED
REQ-SET,REQ-SET-034,docs/game_gdd.md,319,"When a schedule changes, the system shall finish at most the current 30-WU safe work segment before changing activity; emergencies shall interrupt immediately.",task04,,NOT_ASSESSED
REQ-SET,REQ-SET-035,docs/game_gdd.md,320,"When a resident completes 60 WU of social activity with another resident, the system shall add 2 affinity to their relationship, capped at one such gain/pair/day.",task08,,NOT_ASSESSED
REQ-SET,REQ-SET-036,docs/game_gdd.md,321,"When two residents share a feast or one completes rescue/care for the other, the system shall add 5 or 8 affinity respectively, at most once per event.",task08,,NOT_ASSESSED
REQ-SET,REQ-SET-037,docs/game_gdd.md,322,"When affinity reaches 40, the system shall mark the pair friends; when it falls below 25, it shall clear friendship.",task08,task05,NOT_ASSESSED
REQ-SET,REQ-SET-038,docs/game_gdd.md,323,"If two residents sharing a social room both have mood<2500 and affinity<0 at 18:00, then the system shall perform one daily pair conflict roll and resolve the lowest-ID passing pair per room.",task08,task06,NOT_ASSESSED
REQ-SET,REQ-SET-039,docs/game_gdd.md,324,"When a conflict occurs, the system shall subtract 12 affinity, apply conflict memories, and remove 30 WU of social time without combat, weapon use, or physical damage.",task08,task04,NOT_ASSESSED
REQ-SET,REQ-SET-040,docs/game_gdd.md,325,"When a resident satisfies a naming trigger below, the system shall mark them notable and assign a stable name without changing skills, needs, labor, or resource consumption.",task08,,NOT_ASSESSED
REQ-SET,REQ-SET-041,docs/game_gdd.md,326,"Where a resident is anonymous, the system shall retain full persistent state and display species plus role and ID rather than a personal name.",task08,task09;task10,NOT_ASSESSED
REQ-SET,REQ-SET-042,docs/game_gdd.md,327,"When the player pins a resident, the system shall promote that resident to named/notable status immediately on the committed tick and allow a 2–32-character alias.",task08,task04,NOT_ASSESSED
REQ-SET,REQ-SET-043,docs/game_gdd.md,375,The system shall maintain fishing stocks and seasonal eligibility independently for every habitat/species pair using the table above.,task03,task07,NOT_ASSESSED
REQ-SET,REQ-SET-044,docs/game_gdd.md,376,"When a fishing cycle starts, the system shall reserve its effort slots, gear durability, expected haul capacity, and legal stock allowance.",task03,task06,NOT_ASSESSED
REQ-SET,REQ-SET-045,docs/game_gdd.md,377,"When a cycle completes, the system shall debit actual captured biomass atomically, create corresponding fish lots, apply wear, and release unused quota reservations.",task03,task06,NOT_ASSESSED
REQ-SET,REQ-SET-046,docs/game_gdd.md,378,"If a species closes before a queued job starts, then the system shall block that job with the reopening day and select a legal fallback species only when auto mode is enabled.",task03,task04,NOT_ASSESSED
REQ-SET,REQ-SET-047,docs/game_gdd.md,379,"While a spawning closure is active, the system shall prohibit intensive-harvest override for the closed species.",task03,,NOT_ASSESSED
REQ-SET,REQ-SET-048,docs/game_gdd.md,380,"When fishing stock falls below 30% capacity, the system shall warn of depletion and default to restocking until stock recovers above 40%.",task03,task06,NOT_ASSESSED
REQ-SET,REQ-SET-049,docs/game_gdd.md,381,"When the player enables intensive harvest, the system shall show the 10% hard stock floor and predicted recovery time before accepting that policy.",task03,task04;task10,NOT_ASSESSED
REQ-SET,REQ-SET-050,docs/game_gdd.md,382,"While a habitat's effort slots are occupied, the system shall queue further fishers rather than multiply yield with unbounded workers.",task03,task04;task06,NOT_ASSESSED
REQ-SET,REQ-SET-051,docs/game_gdd.md,383,"Where winter ice covers a lake, the system shall permit only equipped ice-kit crews or a maintained ice-access station, while river/coast access remains weather-dependent.",task03,task06;task07;task10,NOT_ASSESSED
REQ-SET,REQ-SET-052,docs/game_gdd.md,384,"If a boat faces a storm or an unstaffed required crew slot, then the system shall prevent departure and preserve its queued order.",task03,task04;task06;task07;task08;task10,NOT_ASSESSED
REQ-SET,REQ-SET-053,docs/game_gdd.md,385,"When a fishing expedition resolves, the system shall perform its one declared hazard roll and apply the injury/rescue rules below without tactical combat.",task03,task08,NOT_ASSESSED
REQ-SET,REQ-SET-054,docs/game_gdd.md,386,"If a fisher is incapacitated, then the system shall create a rescue job at the expedition's bank landing point and retain cargo there rather than silently deleting the resident.",task03,task04;task05;task08,NOT_ASSESSED
REQ-SET,REQ-SET-055,docs/game_gdd.md,387,"The system shall display stock, quota, expected catch, gear condition, closure dates, and numerical injury risk before hazardous fishing is authorized.",task03,task06;task08;task10,NOT_ASSESSED
REQ-SET,REQ-SET-056,docs/game_gdd.md,388,The system shall classify territorial eel encounters as nonharvestable sapient encounters and pike attacks as wildlife hazards; neither shall become an edible resident species.,task03,task08,NOT_ASSESSED
REQ-SET,REQ-SET-057,docs/game_gdd.md,410,"The system shall reject sapient food stocks, species classified as both residents and food, and mammal/bird harvest sources.",task03,task07;task08,NOT_ASSESSED
REQ-SET,REQ-SET-058,docs/game_gdd.md,411,"When catalog definitions are compiled, the system shall restrict edible aquatic stocks to the exact nine-key whitelist and reject contradictory sapience classifications.",task03,,NOT_ASSESSED
REQ-SET,REQ-SET-059,docs/game_gdd.md,412,"While rules v2 is active, the system shall keep FaunaStockReserved canonical empty and create no huntable herd proxy, carcass or hide output.",task03,,NOT_ASSESSED
REQ-SET,REQ-SET-060,docs/game_gdd.md,413,"If a command requests RESERVED_3 work or a RESERVED_1 zone, then the system shall reject it before allocating a job or changing the world.",task04,,NOT_ASSESSED
REQ-SET,REQ-SET-061,docs/game_gdd.md,414,"When skills are initialized, displayed, assigned or tested for milestones, the system shall keep reserved index 3 zero and exclude it from active skills.",task04,task08;task10,NOT_ASSESSED
REQ-SET,REQ-SET-062,docs/game_gdd.md,415,"If a recipe, scenario or save references a retired content key, then the validator shall reject it rather than substituting a resource.",task04,task07;task09,NOT_ASSESSED
REQ-SET,REQ-SET-063,docs/game_gdd.md,416,"When recipe catalogs are compiled, the system shall use nut_roast in place of game_roast with the exact SET-AMEND-001 Section 4 inputs and inherited output rules.",task07,,NOT_ASSESSED
REQ-SET,REQ-SET-064,docs/game_gdd.md,417,"When an Orchard feast is prepared, the system shall reserve ceil(E/4) nut_roast batches for its main course and retain all other feast rules.",task08,task03,NOT_ASSESSED
REQ-SET,REQ-SET-065,docs/game_gdd.md,418,"When old hunting RNG or stock slots are retained for schema stability, the system shall keep them inactive and reject noncanonical saved data.",task03,task06;task09,NOT_ASSESSED
REQ-SET,REQ-SET-066,docs/game_gdd.md,419,"The system shall maintain separate forage stocks, regrowth, availability, and protection floors for all five patch types.",task03,,NOT_ASSESSED
REQ-SET,REQ-SET-067,docs/game_gdd.md,420,"While a forage zone has danger 2 or 3, the system shall require the resident's dangerous-work permission and show an exposure warning.",task03,task04;task08;task10,NOT_ASSESSED
REQ-SET,REQ-SET-068,docs/game_gdd.md,421,"When a forager completes 60 WU in danger≥1, the system shall roll injury chance `max(1,8*danger−FORAGE_level)` per 10000, causing 10 health loss and severity 1 injury on success.",task03,task05;task08,NOT_ASSESSED
REQ-SET,REQ-SET-069,docs/game_gdd.md,422,"If a forage quota or storage limit is reached, then the system shall stop new reservations and retain already collected cargo for hauling.",task03,task05;task06,NOT_ASSESSED
REQ-SET,REQ-SET-070,docs/game_gdd.md,455,"The system shall validate field connectivity, crop soil, seed supply, planting window, and output capacity before creating sowing jobs.",task03,task04;task06,NOT_ASSESSED
REQ-SET,REQ-SET-071,docs/game_gdd.md,456,"When a sowing task begins, the system shall consume the exact seed quantity and retain completed work if the worker changes.",task03,,NOT_ASSESSED
REQ-SET,REQ-SET-072,docs/game_gdd.md,457,"While a crop is growing, the system shall integrate hourly growth using the temperature/moisture factors and retain fractional progress.",task03,,NOT_ASSESSED
REQ-SET,REQ-SET-073,docs/game_gdd.md,458,"When growth reaches the crop's duration, the system shall mark it ripe and create a priority 2 harvest job.",task03,task04;task05;task07,NOT_ASSESSED
REQ-SET,REQ-SET-074,docs/game_gdd.md,459,"When harvest completes, the system shall calculate yield from fertility, health, rotation, and pollination and apply the listed fertility change once.",task03,task08,NOT_ASSESSED
REQ-SET,REQ-SET-075,docs/game_gdd.md,460,"If a ripe crop remains unharvested beyond its grace period, then the system shall apply the specified loss and ultimately mark it withered.",task03,,NOT_ASSESSED
REQ-SET,REQ-SET-076,docs/game_gdd.md,461,"When compost is applied, the system shall consume 2 U, add 1500 fertility, and prevent repeat application until the next season.",task03,task07,NOT_ASSESSED
REQ-SET,REQ-SET-077,docs/game_gdd.md,462,"When an automated field rotation advances, the system shall choose the next explicitly configured crop and show blocked reasons if its requirements fail.",task03,task10,NOT_ASSESSED
REQ-SET,REQ-SET-078,docs/game_gdd.md,463,"While a field is fallow, the system shall restore fertility at the declared daily rate without requiring a worker.",task03,task10,NOT_ASSESSED
REQ-SET,REQ-SET-079,docs/game_gdd.md,464,"When an orchard reaches maturity, the system shall enable its next legal annual harvest without retroactively generating previous years' fruit.",task03,task05;task10,NOT_ASSESSED
REQ-SET,REQ-SET-080,docs/game_gdd.md,465,"When an orchard harvest completes, the system shall set its harvested-year flag and prohibit a second harvest that year.",task03,,NOT_ASSESSED
REQ-SET,REQ-SET-081,docs/game_gdd.md,466,"When the player plants an orchard, the system shall show the exact first eligible harvest year/day and occupied block before confirmation.",task03,task10,NOT_ASSESSED
REQ-SET,REQ-SET-082,docs/game_gdd.md,467,"While a healthy hive is within 12 m of a pollinated crop, the system shall grant the bounded one/two-hive multiplier and ignore further hives for that crop.",task03,task08,NOT_ASSESSED
REQ-SET,REQ-SET-083,docs/game_gdd.md,468,"When a hive is unserved or unfed, the system shall apply strength losses and show feed/service deficits before abandonment.",task03,task10,NOT_ASSESSED
REQ-SET,REQ-SET-084,docs/game_gdd.md,469,"When frost affects a growing crop, the system shall remove the listed health/hour while temperature<0°C, halved for cabbage in a tended plot.",task03,task06;task08,NOT_ASSESSED
REQ-SET,REQ-SET-085,docs/game_gdd.md,470,"If crop health reaches 0, then the system shall mark it withered, cancel tending/harvest, and create a 10-WU clearing job yielding compost 0.5 U/tile.",task03,task04;task05;task08,NOT_ASSESSED
REQ-SET,REQ-SET-086,docs/game_gdd.md,471,"When weather changes plot moisture, the system shall clamp moisture 0–10000 and show its growth consequence in the crop panel.",task03,task06;task10,NOT_ASSESSED
REQ-SET,REQ-SET-087,docs/game_gdd.md,472,"While a crop is within a blight event, the system shall remove 400 health/day, reduced to 200 if tended, and stop damage when the event ends.",task03,task08,NOT_ASSESSED
REQ-SET,REQ-SET-088,docs/game_gdd.md,473,"When a seed reserve is enabled, the system shall reserve enough seed for the next configured planting across designated fields before allowing seed export or nonplanting use.",task03,,NOT_ASSESSED
REQ-SET,REQ-SET-089,docs/game_gdd.md,474,"If a required seed becomes unobtainable, then the system shall expose the workbench seed-separation recipe and an emergency seed grant option defined in Section 7 instead of leaving an unexplained deadlock.",task03,task07;task10,NOT_ASSESSED
REQ-SET,REQ-SET-090,docs/game_gdd.md,535,"The system shall implement the exact recipe graph, input categories, station restrictions, work/passive durations, nutrition, and shelf lives above.",task07,task06,NOT_ASSESSED
REQ-SET,REQ-SET-091,docs/game_gdd.md,536,"When cooking starts, the system shall snapshot skill, input-lot quality/age, recipe, output capacity, and quality RNG roll so worker replacement does not reroll quality.",task07,task06;task09,NOT_ASSESSED
REQ-SET,REQ-SET-092,docs/game_gdd.md,537,"When a cooking batch completes, the system shall consume its work-in-progress record and create only the declared outputs at the computed quality.",task07,,NOT_ASSESSED
REQ-SET,REQ-SET-093,docs/game_gdd.md,538,"While a passive drying/salting/fermentation stage is active, the system shall occupy a station batch slot but release the worker for other work.",task07,task06,NOT_ASSESSED
REQ-SET,REQ-SET-094,docs/game_gdd.md,539,"If production is cancelled after input consumption, then the system shall yield 50% of food input mass as spoiled_food, rounded down to milli-U, and no finished portions.",task07,,NOT_ASSESSED
REQ-SET,REQ-SET-095,docs/game_gdd.md,540,"When a resident eats, the system shall apply portion nutrition, bounded ingredient effect, quality memory, and meal-history update once.",task07,task08,NOT_ASSESSED
REQ-SET,REQ-SET-096,docs/game_gdd.md,541,"When a recipe has been produced at GOOD or EXCELLENT quality 20 times, the system shall mark it mastered for progression without adding a hidden yield multiplier.",task07,task04,NOT_ASSESSED
REQ-SET,REQ-SET-097,docs/game_gdd.md,542,"The system shall provide ONCE, REPEAT, and MAINTAIN_STOCK production orders with an explicit target and lot-reservation accounting.",task07,task06,NOT_ASSESSED
REQ-SET,REQ-SET-098,docs/game_gdd.md,543,"While MAINTAIN_STOCK is enabled, the system shall count unreserved inventory plus committed in-progress outputs against the target before issuing another batch.",task07,task06;task10,NOT_ASSESSED
REQ-SET,REQ-SET-099,docs/game_gdd.md,544,"If a recipe lacks an input, station, worker, tool, unlock, or output space, then the system shall display that specific blocking reason and the missing quantity.",task07,task06;task10,NOT_ASSESSED
REQ-SET,REQ-SET-100,docs/game_gdd.md,545,"When a feast is planned, the system shall calculate attendee count, complete ingredient/portion requirements, seating waves, staffing, and post-feast reserves before accepting the plan.",task08,task10,NOT_ASSESSED
REQ-SET,REQ-SET-101,docs/game_gdd.md,546,"If a feast would leave fewer than 3 food-days or 3 fuel-days, then the system shall block confirmation until the player explicitly overrides the reserve warning for that feast.",task08,task07;task10,NOT_ASSESSED
REQ-SET,REQ-SET-102,docs/game_gdd.md,547,"While a feast is preparing, the system shall reserve only its declared portions and shall release them if cancelled before the serving event.",task08,,NOT_ASSESSED
REQ-SET,REQ-SET-103,docs/game_gdd.md,548,"When a ready feast begins at 18:00, the system shall serve eligible attendees over up to three one-hour waves and consume each resident's portions only on attendance.",task08,,NOT_ASSESSED
REQ-SET,REQ-SET-104,docs/game_gdd.md,549,"When at least 80% of eligible residents attend all required courses, the system shall grant the theme's settlement buff; otherwise it shall grant attendee meals/social benefits without a settlement buff.",task08,task07;task10,NOT_ASSESSED
REQ-SET,REQ-SET-105,docs/game_gdd.md,550,"While a feast buff is active, the system shall apply its declared magnitude/duration once and shall prevent a same-theme stack or duration extension.",task08,task07,NOT_ASSESSED
REQ-SET,REQ-SET-106,docs/game_gdd.md,551,"If a feast is interrupted by a critical emergency, then the system shall pause serving, retain unserved reserved portions, and cancel the remainder after 24 game hours if not resumed.",task08,task04,NOT_ASSESSED
REQ-SET,REQ-SET-107,docs/game_gdd.md,579,"The system shall store food as quality/age/provenance lots and apply effective aging without resetting freshness on transport, merge, save, or load.",task07,task06;task09,NOT_ASSESSED
REQ-SET,REQ-SET-108,docs/game_gdd.md,580,"When a food lot expires, the system shall invalidate its food reservations, create spoiled_food of equal mass, and trigger recipe/meal replanning.",task07,task06,NOT_ASSESSED
REQ-SET,REQ-SET-109,docs/game_gdd.md,581,"When selecting inventory for a recipe or meal, the system shall use first-expiring-first-out among legal lots unless the explicit meal-variety policy applies.",task07,task04;task06,NOT_ASSESSED
REQ-SET,REQ-SET-110,docs/game_gdd.md,582,"If storage capacity is insufficient, then the system shall stop new production reservations and allow existing cargo to be placed in a visible temporary ground pile at the destination.",task06,task07,NOT_ASSESSED
REQ-SET,REQ-SET-111,docs/game_gdd.md,583,"When a haul job begins, the system shall limit carried mass by the resident's species capacity and split quantity exactly without cloning lots.",task06,task04;task05;task08,NOT_ASSESSED
REQ-SET,REQ-SET-112,docs/game_gdd.md,584,"The system shall reserve output mass before production starts, counting committed outputs, queued deliveries, and current contents against capacity.",task06,task04;task07,NOT_ASSESSED
REQ-SET,REQ-SET-113,docs/game_gdd.md,585,"While food-days are below 2, the system shall raise food acquisition, cooking, and required hauling into emergency urgency bucket 2 without overriding forbidden or hazardous occupations.",task07,task06;task10,NOT_ASSESSED
REQ-SET,REQ-SET-114,docs/game_gdd.md,586,"When the next season is winter, the system shall display a twelve-day winter food/fuel projection using winter demand and current edible/preservable stocks separately.",task07,task10,NOT_ASSESSED
REQ-SET,REQ-SET-115,docs/game_gdd.md,587,"When food is allocated to a future transfer manifest, the system shall remove that quantity from available settlement reserves while retaining it in total-owned inventory.",task06,task07,NOT_ASSESSED
REQ-SET,REQ-SET-116,docs/game_gdd.md,588,"If a reserved lot is destroyed or becomes unreachable, then the system shall invalidate dependent jobs in stable job-ID order, release unaffected reservations, and show the broken dependency.",task06,task04;task05;task10,NOT_ASSESSED
REQ-SET,REQ-SET-117,docs/game_gdd.md,589,"The system shall allow pantry/store filters and minimum reserves per item, with emergency meal access overriding ordinary production minimums but never seed classification.",task07,task03,NOT_ASSESSED
REQ-SET,REQ-SET-118,docs/game_gdd.md,590,"When a recipe's consumed inputs become work-in-progress, the system shall remove them from edible inventories and exclude them from meal availability until valid output exists.",task07,,NOT_ASSESSED
REQ-SET,REQ-SET-119,docs/game_gdd.md,591,"The system shall recompute ready food-days, potential food, fuel-days, and projected shortage dates every game hour and on committed stock/policy changes.",task07,task04,NOT_ASSESSED
REQ-SET,REQ-SET-120,docs/game_gdd.md,592,"If the lot or reservation cap is reached, then the system shall merge eligible lots and refuse new nonessential orders with a diagnostic; it shall not delete existing resources.",task06,task05;task10,NOT_ASSESSED
REQ-SET,REQ-SET-121,docs/game_gdd.md,676,"The system shall implement the building/furniture catalog with listed costs, work, capacities, unlocks, and exterior/interior representations.",task06,task10,NOT_ASSESSED
REQ-SET,REQ-SET-122,docs/game_gdd.md,677,"When placing a building, the system shall require in-bounds nonoverlapping tiles, slope≤8°, height spread≤0.5 m, an accessible door, and its terrain-specific conditions.",task06,task10,NOT_ASSESSED
REQ-SET,REQ-SET-123,docs/game_gdd.md,678,"If a placement would sever the last path from any occupied home/workplace to the central hall, then the system shall reject it and highlight the cut route.",task06,task05;task10,NOT_ASSESSED
REQ-SET,REQ-SET-124,docs/game_gdd.md,679,"When a blueprint is placed, the system shall create material-delivery and construction work without deducting undelivered materials from physical stores.",task06,,NOT_ASSESSED
REQ-SET,REQ-SET-125,docs/game_gdd.md,680,"When delivered materials are complete, the system shall enable build work and consume those materials into the project as progress begins.",task06,task10,NOT_ASSESSED
REQ-SET,REQ-SET-126,docs/game_gdd.md,681,"If a blueprint is cancelled before work begins, then the system shall return 100% of delivered materials as reachable ground lots; after work begins it shall return 80% of delivered materials, rounded down to milli-U.",task06,task05,NOT_ASSESSED
REQ-SET,REQ-SET-127,docs/game_gdd.md,682,"When an active building is demolished, the system shall first evacuate residents and move stored goods, then return 50% original material costs after the declared construction WU×0.25 demolition work.",task06,task08;task10,NOT_ASSESSED
REQ-SET,REQ-SET-128,docs/game_gdd.md,683,"If goods or residents cannot be evacuated, then the system shall block demolition and show the exact stranded occupants/lots.",task06,task08;task10,NOT_ASSESSED
REQ-SET,REQ-SET-129,docs/game_gdd.md,684,"When a room/furniture layout changes, the system shall flood-fill room/access tiles and suspend services from invalid rooms without deleting beds, goods, or residents.",task06,task08;task10,NOT_ASSESSED
REQ-SET,REQ-SET-130,docs/game_gdd.md,685,"While a room is heated, the system shall consume fuel proportionally over game hours and maintain 18°C indoors at tier 1 or 20°C at tier 2.",task06,task07,NOT_ASSESSED
REQ-SET,REQ-SET-131,docs/game_gdd.md,686,"If a hearth runs out of fuel, then the system shall converge room temperature halfway toward outside temperature each game hour and create an urgent refuel job.",task06,task04;task07,NOT_ASSESSED
REQ-SET,REQ-SET-132,docs/game_gdd.md,687,"When allocating beds, the system shall prefer the resident's current valid bed, then the nearest free permitted bed, ties building ID/furniture ID.",task06,task08;task10,NOT_ASSESSED
REQ-SET,REQ-SET-133,docs/game_gdd.md,688,"If no bed is available, then the system shall assign safe floor sleep in a reachable heated hall and issue a housing deficit alert.",task06,task05;task10,NOT_ASSESSED
REQ-SET,REQ-SET-134,docs/game_gdd.md,689,"When a kitchen door is within 8 m walking distance of a pantry/store access point, the system shall reduce hauling work for that connection by 10%, without changing ingredient quantities.",task06,,NOT_ASSESSED
REQ-SET,REQ-SET-135,docs/game_gdd.md,690,"Where a valid dining/common room is within 12 m walking distance of a kitchen, the system shall add comfort 200 per served meal and show the adjacency bonus.",task06,task07;task10,NOT_ASSESSED
REQ-SET,REQ-SET-136,docs/game_gdd.md,691,"When a tier 1 residence/hall/store/workshop is upgraded, the system shall apply the exact upgrade package below without multiplying previous upgrades recursively.",task06,,NOT_ASSESSED
REQ-SET,REQ-SET-137,docs/game_gdd.md,692,"While construction or demolition is paused by the player, the system shall retain delivered materials/progress and release workers and unfinished ingredient leases.",task06,task04,NOT_ASSESSED
REQ-SET,REQ-SET-138,docs/game_gdd.md,693,"When a tree is felled, the system shall debit its wood once and leave a dated stump for permitted regrowth.",task03,,NOT_ASSESSED
REQ-SET,REQ-SET-139,docs/game_gdd.md,694,"When a renewable bedrock quarry is used, the system shall generate only its declared work output and shall never require a tool material available exclusively from that same unavailable tool.",task03,task06;task10,NOT_ASSESSED
REQ-SET,REQ-SET-140,docs/game_gdd.md,695,"The system shall implement fences, walls, and lookouts solely as access, wildlife, and risk-management structures in settlement release 1, with no attack commands.",task06,task04,NOT_ASSESSED
REQ-SET,REQ-SET-141,docs/game_gdd.md,732,"The system shall advance seasons by local day and apply all stock, crop, daylight, hunger, storage, and heating changes at the exact boundary.",task03,task06;task07,NOT_ASSESSED
REQ-SET,REQ-SET-142,docs/game_gdd.md,733,"When a major event is scheduled, the system shall disclose its start, duration, and affected systems three days in advance and retain that forecast in the calendar.",task03,task04;task07,NOT_ASSESSED
REQ-SET,REQ-SET-143,docs/game_gdd.md,734,"While winter is active, the system shall multiply hunger demand by 1.20 and use winter ecological availability even if the camera is indoors.",task07,task03;task10,NOT_ASSESSED
REQ-SET,REQ-SET-144,docs/game_gdd.md,735,"While hard freeze is active, the system shall apply the explicit clothing/exposure rules and prevent unsafe boat departures.",task07,task06;task08,NOT_ASSESSED
REQ-SET,REQ-SET-145,docs/game_gdd.md,736,"When an event ends, the system shall remove its temporary modifiers without restoring crop health, consumed stocks, or injuries already incurred.",task03,task08,NOT_ASSESSED
REQ-SET,REQ-SET-146,docs/game_gdd.md,737,"If food-days fall below 1 during winter, then the system shall raise a critical alert and offer the listed emergency actions without applying them automatically.",task07,task10,NOT_ASSESSED
REQ-SET,REQ-SET-147,docs/game_gdd.md,738,"If fuel-days fall below 2 while forecast temperature<0°C, then the system shall warn with the estimated last heated hour and affected homes.",task07,,NOT_ASSESSED
REQ-SET,REQ-SET-148,docs/game_gdd.md,739,"While an outdoor station is dark and unlit, the system shall apply the 0.75 work factor and expose it in the job breakdown.",task07,task04;task06,NOT_ASSESSED
REQ-SET,REQ-SET-149,docs/game_gdd.md,740,"When the first winter begins, the system shall display a dismissible preparation summary with ready food-days, fuel-days, warm beds, and outdoor staffing.",task07,task06;task10,NOT_ASSESSED
REQ-SET,REQ-SET-150,docs/game_gdd.md,741,"The system shall derive winter failure from hunger, exposure, illness/injury, labor loss, and departure rules rather than an undisclosed winter death percentage.",task07,task08,NOT_ASSESSED
REQ-SET,REQ-SET-151,docs/game_gdd.md,763,"When an immigration event occurs, the system shall create a reviewable candidate list and show housing, food, and labor consequences before acceptance.",task08,task07;task10,NOT_ASSESSED
REQ-SET,REQ-SET-152,docs/game_gdd.md,764,"If accepting candidates exceeds living capacity or valid spare beds, then the system shall cap the selection and explain the limit; the population cap cannot be overridden.",task08,task06,NOT_ASSESSED
REQ-SET,REQ-SET-153,docs/game_gdd.md,765,"When an accepted resident arrives, the system shall allocate a new persistent ID and valid bed and initialize the declared skills, needs, and equipment.",task08,task04;task06;task09;task10,NOT_ASSESSED
REQ-SET,REQ-SET-154,docs/game_gdd.md,766,"When a milestone's complete conditions are met, the system shall unlock its catalog entries once and record the triggering tick.",task08,task04,NOT_ASSESSED
REQ-SET,REQ-SET-155,docs/game_gdd.md,767,"When M4 completes, the system shall award the Hearth Charter, pause for the completion screen, and allow continuation of the same save.",task08,task04;task09;task10,NOT_ASSESSED
REQ-SET,REQ-SET-156,docs/game_gdd.md,768,"If living resident count reaches 0, then the system shall pause on settlement collapse and offer load save or return to menu without overwriting the previous autosave.",task08,task04;task05;task09;task10,NOT_ASSESSED
REQ-SET,REQ-SET-157,docs/game_gdd.md,769,"When Warden Rowan or a later Warden dies/leaves, the system shall allow appointment of any living resident and preserve the settlement.",task08,task07,NOT_ASSESSED
REQ-SET,REQ-SET-158,docs/game_gdd.md,770,"The system shall support manual saves, five rotating daily autosaves, a separate prewinter save, and a separate pre-major-demolition quicksave.",task09,task06;task07;task10,NOT_ASSESSED
REQ-SET,REQ-SET-159,docs/game_gdd.md,771,"When saving, the system shall serialize authoritative state, RNG streams, inventories/reservations, relationship edges, event schedule, job progress, unlocks, and pending commands at a tick boundary.",task09,task04;task06;task08,NOT_ASSESSED
REQ-SET,REQ-SET-160,docs/game_gdd.md,772,"When loading, the system shall validate ruleset/map/catalog versions and rebuild navigation/render state before resuming, preserving simulation hashes after the next tick.",task09,task04;task05;task07;task10,NOT_ASSESSED
REQ-SET,REQ-SET-161,docs/game_gdd.md,773,"If a save is incompatible or corrupted, then the system shall retain the file, report the reason, and offer other saves without attempting a partial world load.",task09,task04;task10,NOT_ASSESSED
REQ-SET,REQ-SET-162,docs/game_gdd.md,774,"The system shall store per resident data in packed columns, batch job/path queries, and keep per-frame UI updates independent from hourly/day-level simulation.",task10,task04;task05;task08,NOT_ASSESSED
REQ-SET,REQ-SET-163,docs/game_gdd.md,775,"While 256 residents are active at 1× or 4×, the system shall satisfy the qualification budgets below on the Windows reference floor before claiming support for that configuration.",task10,task07;task08,NOT_ASSESSED
REQ-SET,REQ-SET-164,docs/game_gdd.md,776,"When a performance budget fails, the system shall expose the failing subsystem and reduce speed as defined, without reducing offscreen need/ecology accuracy.",task10,task03;task04,NOT_ASSESSED
REQ-SET,REQ-SET-165,docs/game_gdd.md,796,"When a new tutorial step becomes active, the system shall highlight one actionable element and explain its economic purpose without blocking unrelated play.",task10,,NOT_ASSESSED
REQ-SET,REQ-SET-166,docs/game_gdd.md,797,"When the player opens an advanced panel early, the system shall allow inspection and show unlock requirements rather than concealing the underlying rule.",task10,,NOT_ASSESSED
REQ-SET,REQ-SET-167,docs/game_gdd.md,798,"If a tutorial target is destroyed or unavailable, then the system shall substitute another valid target of the same action or mark the step recoverable, never lock progression permanently.",task10,,NOT_ASSESSED
REQ-SET,REQ-SET-168,docs/game_gdd.md,799,"When the player skips the tutorial, the system shall reveal all basic management panels and retain normal gameplay unlock conditions.",task10,,NOT_ASSESSED
REQ-SET,REQ-SET-169,docs/game_gdd.md,829,"If any edge case in the table occurs, then the system shall apply its declared resolution and expose the cause in the relevant panel/notice.",task10,,NOT_ASSESSED
REQ-SET,REQ-SET-170,docs/game_gdd.md,830,"When relief seeds are requested, the system shall enforce one pouch/world-year, show its next-dawn arrival, and record a non punitive assistance event.",task03,task04;task10,NOT_ASSESSED
REQ-SET,REQ-SET-171,docs/game_gdd.md,831,"When a resident becomes incapacitated, the system shall prioritize rescue to a reachable bed and then treatment, allowing another resident to carry one casualty at 50% movement speed.",task08,task04;task05;task06,NOT_ASSESSED
REQ-SET,REQ-SET-172,docs/game_gdd.md,832,"While a severity 1 injury is untreated, the system shall prevent hazardous work and remove 1 health/hour; severity 2 shall remove 4/hour until treatment.",task08,,NOT_ASSESSED
REQ-SET,REQ-SET-173,docs/game_gdd.md,833,"When treatment consumes herb 1+cloth 0.5 and completes 60 WU, the system shall clear the aggregate injury and restore 10 health, capped 100; treatment can occur at a field landing point or a bed.",task08,task05;task06,NOT_ASSESSED
REQ-SET,REQ-SET-174,docs/game_gdd.md,834,"If the last resident is injured but conscious, then the system shall allow self-treatment at 120 WU when supplies are reachable; unconscious self-rescue is impossible.",task08,task05,NOT_ASSESSED
REQ-SET,REQ-SET-175,docs/game_gdd.md,835,"When a critical condition resolves, the system shall clear its active alert and retain its acknowledged/resolved history record.",task08,task10,NOT_ASSESSED
REQ-SET,REQ-SET-176,docs/game_gdd.md,870,"Where a future transfer consumer is absent, the system shall hide transfer execution UI and retain all settlement simulation behavior.",task10,,NOT_ASSESSED
REQ-SET,REQ-SET-177,docs/game_gdd.md,871,"When a transfer is prepared, the system shall reserve residents/items atomically and expose a reviewable manifest without removing them before commit.",task09,task08,NOT_ASSESSED
REQ-SET,REQ-SET-178,docs/game_gdd.md,872,"If a transfer is cancelled or rejected, then the system shall restore availability exactly once and leave all persistent IDs and lot ages unchanged.",task09,task06,NOT_ASSESSED
REQ-SET,REQ-SET-179,docs/game_gdd.md,873,"When a resident returns, the system shall map persistent identity into a free local slot and restore carried state without resetting learned skills or relationships.",task09,task05;task06;task08,NOT_ASSESSED
REQ-SET,REQ-SET-180,docs/game_gdd.md,874,The system shall separate shared species/item/identity schemas from settlement-only need/job/room schemas and future battle-only components.,task09,task04;task06,NOT_ASSESSED
REQ-SET,REQ-SET-181,docs/game_gdd.md,875,"The system shall keep economic outcomes independent of visual actor count, camera visibility, animation LOD, and future rendering implementation.",task10,,NOT_ASSESSED
UI-SET,UI-SET-001,docs/ui_ux_controls.md,165,Resource cluster: “Settlement resources”; ALWAYS; compact composition in narrow,task04,task10,NOT_ASSESSED
UI-SET,UI-SET-002,docs/ui_ux_controls.md,166,Food counter: “Ready food: ”+food_days.to_fixed(2)+“ days; ”+ready_NP+“ nutrition”; ALWAYS; opens food ledger; critical icon<1 day,task07,task10,NOT_ASSESSED
UI-SET,UI-SET-003,docs/ui_ux_controls.md,167,Fuel counter: “Heating fuel: ”+fuel_days+“ days” or no-demand state; ALWAYS except narrow ledger; opens fuel breakdown,task07,task10,NOT_ASSESSED
UI-SET,UI-SET-004,docs/ui_ux_controls.md,168,Wood counter: “Wood: ”+available_U+“ available; ”+reserved_U+“ reserved”; ALWAYS except narrow ledger; opens item lots,task06,task10,NOT_ASSESSED
UI-SET,UI-SET-005,docs/ui_ux_controls.md,169,Stone counter: Same formatter for Stone; Same,task06,task10,NOT_ASSESSED
UI-SET,UI-SET-006,docs/ui_ux_controls.md,170,Population counter: “Residents: ”+living+“ of 256; ”+idle+“ idle”; ALWAYS; opens roster,task08,task10,NOT_ASSESSED
UI-SET,UI-SET-007,docs/ui_ux_controls.md,171,Bed counter: “Beds: ”+used+“ assigned; ”+free+“ free; ”+warm+“ warm”; ALWAYS except narrow ledger; opens housing,task06,task10,NOT_ASSESSED
UI-SET,UI-SET-008,docs/ui_ux_controls.md,172,Expand resources: “Open all resources”; ALWAYS; toggle 009,task06,task10,NOT_ASSESSED
UI-SET,UI-SET-009,docs/ui_ux_controls.md,173,"Resource ledger: “Resource ledger”; CONDITION 008; groups ready food, potential food, fuel, materials, seeds; close 093",task06,task03;task07;task10,NOT_ASSESSED
UI-SET,UI-SET-010,docs/ui_ux_controls.md,174,Alert stack: “Active settlement alerts”; CONDITION active alerts; empty does not block world,task04,task10,NOT_ASSESSED
UI-SET,UI-SET-011,docs/ui_ux_controls.md,175,Alert card: Severity+message+source+resolution action; CONDITION; click focuses source/detail; acknowledge via history,task04,task10,NOT_ASSESSED
UI-SET,UI-SET-012,docs/ui_ux_controls.md,176,"Notice history: “Notification history, ”+filtered_count+“ entries”; CONDITION UI-SET-102 activation; filter 075, rows 011",task04,task10,NOT_ASSESSED
UI-SET,UI-SET-013,docs/ui_ux_controls.md,177,Time cluster: “Time and season”; ALWAYS,task04,task07;task10,NOT_ASSESSED
UI-SET,UI-SET-014,docs/ui_ux_controls.md,178,Pause button: “Pause simulation”/“Resume at ”+requested_speed; ALWAYS; selected when effective paused; reason in description,task04,task10,NOT_ASSESSED
UI-SET,UI-SET-015,docs/ui_ux_controls.md,179,"Speed 1: “Normal speed, one times”; ALWAYS; set requested 1; does not clear other pause reasons",task04,task10,NOT_ASSESSED
UI-SET,UI-SET-016,docs/ui_ux_controls.md,180,Speed 2: “Double speed”; ALWAYS; same,task04,task10,NOT_ASSESSED
UI-SET,UI-SET-017,docs/ui_ux_controls.md,181,Speed 4: “Quadruple speed”; ALWAYS; same; overload explanation if limited,task04,task09;task10,NOT_ASSESSED
UI-SET,UI-SET-018,docs/ui_ux_controls.md,182,"Calendar: “Year ”+year+“, ”+season+“, day ”+day+“, ”+hour 24; CONDITION UI-SET-101 activation; opens 071 forecast",task04,task03;task07;task10,NOT_ASSESSED
UI-SET,UI-SET-019,docs/ui_ux_controls.md,183,Menu button: “Game menu”; ALWAYS; opens 078 menu variant; adds MENU,task10,,NOT_ASSESSED
UI-SET,UI-SET-020,docs/ui_ux_controls.md,184,Minimap frame: “Settlement minimap”; ALWAYS; toggle with M; hidden state has restore button 022,task05,task10,NOT_ASSESSED
UI-SET,UI-SET-021,docs/ui_ux_controls.md,185,Minimap view: “Map. Current focus ”+tile_coordinate+“. Enter to move camera.”; ALWAYS when 020; pointer click pans; keyboard uses 087 world list,task05,task04;task10,NOT_ASSESSED
UI-SET,UI-SET-022,docs/ui_ux_controls.md,186,Map layers: “Minimap layers and visibility”; ALWAYS; opens layers in 096,task05,task10,NOT_ASSESSED
UI-SET,UI-SET-023,docs/ui_ux_controls.md,187,World surface: “Settlement world; use world list for keyboard navigation”; ALWAYS; not a fullscreen UI hit block,task04,task05;task10,NOT_ASSESSED
UI-SET,UI-SET-024,docs/ui_ux_controls.md,188,"Selection ring: Entity name announced by selection, ring excluded; SELECTED; gold solid ring+short health strip if injured",task04,task08;task10,NOT_ASSESSED
UI-SET,UI-SET-025,docs/ui_ux_controls.md,189,Box selection: “Selecting residents: ”+candidate_count; WORLD_TOOL; INK 2 px outer/GOLD 1 px inner; fill GOLD alpha 0.08,task04,task06;task08;task10,NOT_ASSESSED
UI-SET,UI-SET-026,docs/ui_ux_controls.md,190,Command strip: “Commands for ”+selection_summary; ALWAYS; global tools when empty; wrap buttons,task04,task06;task10,NOT_ASSESSED
UI-SET,UI-SET-027,docs/ui_ux_controls.md,191,Build command: “Build exterior structures”; ALWAYS; opens 052,task06,task04;task10,NOT_ASSESSED
UI-SET,UI-SET-028,docs/ui_ux_controls.md,192,Zone command: “Designate work or conservation zone”; ALWAYS; opens 059,task04,task03;task10,NOT_ASSESSED
UI-SET,UI-SET-029,docs/ui_ux_controls.md,193,Jobs command: “Set job priorities and schedules”; ALWAYS; opens 070,task04,task10,NOT_ASSESSED
UI-SET,UI-SET-030,docs/ui_ux_controls.md,194,Food command: “Manage recipes and food orders”; ALWAYS; opens 060,task07,task04;task10,NOT_ASSESSED
UI-SET,UI-SET-031,docs/ui_ux_controls.md,195,Residents command: “View residents”; ALWAYS; opens roster rows 069,task08,task04;task10,NOT_ASSESSED
UI-SET,UI-SET-032,docs/ui_ux_controls.md,196,Feast command: “Plan a feast”; M1; opens 063,task08,task04;task10,NOT_ASSESSED
UI-SET,UI-SET-033,docs/ui_ux_controls.md,197,Objectives command: “Hearth Charter objectives”; ALWAYS; opens progress in 051/071,task08,task04;task10,NOT_ASSESSED
UI-SET,UI-SET-034,docs/ui_ux_controls.md,198,"Demolish command: “Demolish ”+building_name+“; review evacuation and refund”; SELECTED building; opens confirmation, never immediate destruction",task06,task04;task08;task10,NOT_ASSESSED
UI-SET,UI-SET-035,docs/ui_ux_controls.md,199,Upgrade command: “Upgrade or repair ”+building_name; SELECTED eligible building; locked reason if missing materials,task06,task04;task08;task10,NOT_ASSESSED
UI-SET,UI-SET-036,docs/ui_ux_controls.md,200,Context detail: “Details: ”+entity_or_zone_name; SELECTED; closed by 093; drawer in narrow,task04,task08;task10,NOT_ASSESSED
UI-SET,UI-SET-037,docs/ui_ux_controls.md,201,Detail title: Full entity name/status; SELECTED; title 20/600 override; click center-camera,task04,task08;task10,NOT_ASSESSED
UI-SET,UI-SET-038,docs/ui_ux_controls.md,202,Detail tabs: Tab name+“ tab ”+index+“ of ”+count; SELECTED; wrap 2 rows; selected panel one at a time,task04,task08;task10,NOT_ASSESSED
UI-SET,UI-SET-039,docs/ui_ux_controls.md,208,Need row: Need name+value/100+“ percent; ”+hourly_change+“ per hour”; SELECTED resident; click explains decay/restoration,task08,task07;task10,NOT_ASSESSED
UI-SET,UI-SET-040,docs/ui_ux_controls.md,209,Skill row: Skill+level+“; ”+XP+“ of ”+next_XP; SELECTED resident,task04,task05;task08;task10,NOT_ASSESSED
UI-SET,UI-SET-041,docs/ui_ux_controls.md,210,"Priority cell: Resident+job+priority word;0 means forbidden; WORKSPACE 070/selected resident; click cycles 1,2,3,4,0; Shift click reverse",task04,task08;task10,NOT_ASSESSED
UI-SET,UI-SET-042,docs/ui_ux_controls.md,211,Schedule grid: Resident+hour+activity; WORKSPACE;24 columns with horizontal scroll if needed; keyboard arrow/select/paint,task04,task08;task10,NOT_ASSESSED
UI-SET,UI-SET-043,docs/ui_ux_controls.md,212,Lot row: Item+available/reserved quantity+quality+effective hours remaining+provenance; SELECTED container/ledger; details never hide age,task06,task10,NOT_ASSESSED
UI-SET,UI-SET-044,docs/ui_ux_controls.md,213,Order row: Recipe+mode+target+in progress+blocking reason; SELECTED station/WORKSPACE 060; edit 062,task07,task06;task10,NOT_ASSESSED
UI-SET,UI-SET-045,docs/ui_ux_controls.md,214,Fish stock row: Species+stock percent+quota+closure/reopen date; SELECTED habitat; opens risk/quota,task07,task03;task10,NOT_ASSESSED
UI-SET,UI-SET-046,docs/ui_ux_controls.md,215,Crop stat row: Crop+growth+fertility+moisture+expected yield+harvest date; SELECTED field; warn wrong plant window,task07,task03;task10,NOT_ASSESSED
UI-SET,UI-SET-047,docs/ui_ux_controls.md,216,Room row: Room type+tiles+capacity+temperature+validity cause; SELECTED managed building; click highlights room,task06,task10,NOT_ASSESSED
UI-SET,UI-SET-048,docs/ui_ux_controls.md,217,Relationship row: Other resident+affinity+friend state+last contact; SELECTED resident/social tab,task08,task10,NOT_ASSESSED
UI-SET,UI-SET-049,docs/ui_ux_controls.md,218,Danger consent: “Allow dangerous work for ”+resident_or_zone+“; injury chance ”+chance+“ per 10000 cycles”; CONDITION danger≥2 or hazard policy; never prechecked,task04,task03;task08;task10,NOT_ASSESSED
UI-SET,UI-SET-050,docs/ui_ux_controls.md,219,"Quota slider: “Harvest quota ”+U+“ units per day; protected floor ”+percent; SELECTED habitat/zone; min 0, max catalog quota; intensive policy separate 100",task07,task03;task04;task10,NOT_ASSESSED
UI-SET,UI-SET-051,docs/ui_ux_controls.md,220,Workspace/modal frame: Workspace title; WORKSPACE or MODAL; nonmodal workspace uses no SCRIM/MENU pause unless user chose pause-on-management,task04,task10,NOT_ASSESSED
UI-SET,UI-SET-052,docs/ui_ux_controls.md,221,Build catalog: “Construction catalog”; WORKSPACE 027; category tabs 038/search 075/cards 053,task06,task10,NOT_ASSESSED
UI-SET,UI-SET-053,docs/ui_ux_controls.md,222,Building card: Building name+cost+footprint+worker/room capacity+unlock; WORKSPACE 052; locked cards inspectable; activate placement 054,task06,task08;task10,NOT_ASSESSED
UI-SET,UI-SET-054,docs/ui_ux_controls.md,223,"Placement ghost: “Place ”+type+“ at tile ”+x+z+“; ”+validity; WORLD_TOOL; valid GOLD solid, invalid DANGER hatched, blocked tiles numbered",task06,task04;task10,NOT_ASSESSED
UI-SET,UI-SET-055,docs/ui_ux_controls.md,224,Placement cost strip: Materials available/required+work+adjacency+blockers; WORLD_TOOL; fixed until cancel; values recompute per ghost,task06,task04;task10,NOT_ASSESSED
UI-SET,UI-SET-056,docs/ui_ux_controls.md,225,Rotate placement: “Rotate placement 90 degrees clockwise”; WORLD_TOOL; R key; Shift+R reverses,task06,task04;task10,NOT_ASSESSED
UI-SET,UI-SET-057,docs/ui_ux_controls.md,226,Room tool: “Designate interior rooms”; SELECTED managed building; types 038/paint 059; invalid cells readable,task06,task10,NOT_ASSESSED
UI-SET,UI-SET-058,docs/ui_ux_controls.md,227,Furniture palette: “Furniture catalog”; WORLD_TOOL interior; cards 053 with furniture catalog keys,task06,task04;task10,NOT_ASSESSED
UI-SET,UI-SET-059,docs/ui_ux_controls.md,228,"Zone brush: “Zone type ”+type+“; brush ”+size+“; selected tiles ”+count; WORLD_TOOL; type 038, size 062; conservation distinct hatch",task04,task03;task06;task10,NOT_ASSESSED
UI-SET,UI-SET-060,docs/ui_ux_controls.md,229,Recipe list: “Recipes and production”; WORKSPACE 030; category tabs/filter/cards 061,task07,task10,NOT_ASSESSED
UI-SET,UI-SET-061,docs/ui_ux_controls.md,230,Recipe card: Recipe+inputs+outputs+NP+work+station+unlock; WORKSPACE 060; activate creates/edits order 044,task07,task06;task10,NOT_ASSESSED
UI-SET,UI-SET-062,docs/ui_ux_controls.md,231,Number stepper: Field label+value+minimum+maximum+unit; CONDITION numeric field; minus/plus 32 px hit areas; typed entry; Enter commit,task04,task10,NOT_ASSESSED
UI-SET,UI-SET-063,docs/ui_ux_controls.md,232,Feast planner: “Plan feast; attendees ”+E+“; reserve after feast ”+food days; M1 WORKSPACE; themes 064; confirm 066; errors visible,task08,task07;task10,NOT_ASSESSED
UI-SET,UI-SET-064,docs/ui_ux_controls.md,233,Feast theme picker: Theme name+exact main/second/beverage+buff; WORKSPACE 063; only legal fixed themes; no custom recipe guessing,task08,task07;task10,NOT_ASSESSED
UI-SET,UI-SET-065,docs/ui_ux_controls.md,234,Reserve override: “Allow this feast or immigration despite reserve warning”; CONDITION post action reserves below threshold; default off; expires with dialog,task08,task07;task10,NOT_ASSESSED
UI-SET,UI-SET-066,docs/ui_ux_controls.md,235,Confirm: Action verb+affected quantity; “Confirm demolition”for 034; MODAL/WORKSPACE; disabled while invalid with reason; Enter only when focused,task04,task06;task10,NOT_ASSESSED
UI-SET,UI-SET-067,docs/ui_ux_controls.md,236,Cancel: “Cancel ”+operation; MODAL/WORKSPACE; Esc same; no financial effect before commit,task04,task07;task10,NOT_ASSESSED
UI-SET,UI-SET-068,docs/ui_ux_controls.md,237,Immigration review: “Immigration candidates; ”+selected+“ accepted; ”+spare beds+“ spare beds”; CONDITION immigration event;069 rows;065 override;066 commit,task08,task06;task07;task10,NOT_ASSESSED
UI-SET,UI-SET-069,docs/ui_ux_controls.md,238,Resident row: Name/anonymous label+species+role+mood+health+current job; WORKSPACE/SELECTED; click single; Shift multi; double centers world,task08,task04;task10,NOT_ASSESSED
UI-SET,UI-SET-070,docs/ui_ux_controls.md,239,"Job matrix: “Work priorities”; WORKSPACE 029;11 active job columns, omitting reserved index 3; resident rows 069; cells 041; virtualized",task04,task08;task10,NOT_ASSESSED
UI-SET,UI-SET-071,docs/ui_ux_controls.md,240,"Forecast/chart: Chart title+current value+next change+table alternative; CONDITION forecast/progression; keyboard readable table, not image-only",task07,task10,NOT_ASSESSED
UI-SET,UI-SET-072,docs/ui_ux_controls.md,241,Tutorial card: “Tutorial: ”+step_title+instruction; TUTORIAL; one card; Next 066/Skip 067; does not intercept world outside card,task10,task04,NOT_ASSESSED
UI-SET,UI-SET-073,docs/ui_ux_controls.md,242,"Tooltip: Description associated with owner, not duplicated announcement; CONDITION hover 350 ms/focus 0 ms; clamp inside viewport; IGNORE",task10,task06,NOT_ASSESSED
UI-SET,UI-SET-074,docs/ui_ux_controls.md,243,Focus outline: Excluded; owner provides semantics; CONDITION keyboard focus; never hidden by selected state,task10,,NOT_ASSESSED
UI-SET,UI-SET-075,docs/ui_ux_controls.md,244,Search/filter: “Search ”+collection_name; result count description; WORKSPACE with list; debounce 150 ms UI-time; Esc first clears text only if text field owns it,task10,task04;task08,NOT_ASSESSED
UI-SET,UI-SET-076,docs/ui_ux_controls.md,254,Save browser: “Save and load settlements”; MODAL; Manual/Autosave/Prewinter tabs;077 rows,task09,task07;task10,NOT_ASSESSED
UI-SET,UI-SET-077,docs/ui_ux_controls.md,255,Save row: Settlement+year/season/day+real time time stamp+version+validity; MODAL 076; load requires 066; overwrite confirmation explicit,task09,task04;task07;task10,NOT_ASSESSED
UI-SET,UI-SET-078,docs/ui_ux_controls.md,256,"Settings/menu: “Game menu”or“Settings”; MODAL; Resume, Save, Load, Settings, Main menu, Quit via 066/067/092 templates",task10,task09,NOT_ASSESSED
UI-SET,UI-SET-079,docs/ui_ux_controls.md,257,Setting control: Setting label+value+effect+restart requirement; MODAL 078; complete field catalog in Section 8,task10,,NOT_ASSESSED
UI-SET,UI-SET-080,docs/ui_ux_controls.md,258,Key binding row: Action+primary binding+alternate binding+conflict state; MODAL 078; activate 081,task10,,NOT_ASSESSED
UI-SET,UI-SET-081,docs/ui_ux_controls.md,259,Rebind capture: “Press a new key or mouse button for ”+action+“; Escape cancels”; MODAL; consumes all input except OS reserved keys,task10,,NOT_ASSESSED
UI-SET,UI-SET-082,docs/ui_ux_controls.md,260,Name editor: “Name this notable resident”; SELECTED resident pin;2–32 characters; invalid unicode controls rejected,task08,task10,NOT_ASSESSED
UI-SET,UI-SET-083,docs/ui_ux_controls.md,261,Victory panel: “Hearth Charter earned”+summary; CONDITION M4; Continue 066; Save 076; Menu 092,task08,task09;task10,NOT_ASSESSED
UI-SET,UI-SET-084,docs/ui_ux_controls.md,262,Collapse panel: “Settlement ended; no living residents remain”; CONDITION collapse; Load 076; New/menus 092,task08,task09;task10,NOT_ASSESSED
UI-SET,UI-SET-085,docs/ui_ux_controls.md,263,Error panel: Error code+plain reason+recovery action; CONDITION save/path/capacity fault; critical integrity use stop modal,task10,task05;task06;task09,NOT_ASSESSED
UI-SET,UI-SET-086,docs/ui_ux_controls.md,264,Pause label: “Paused: ”+ordered_pause_reasons; CONDITION paused; not clickable; no empty hit rect,task04,task10,NOT_ASSESSED
UI-SET,UI-SET-087,docs/ui_ux_controls.md,265,World access list: “World locations and entities”; F6/accessible mode; resident/building/zone/resource/tile categories; keyboard camera/pick/place,task04,task06;task08;task10,NOT_ASSESSED
UI-SET,UI-SET-088,docs/ui_ux_controls.md,266,Cycle selection: “Next selected resident”/“Previous selected resident”; SELECTED multiple; Tab/Shift Tab in world focus,task04,task08;task10,NOT_ASSESSED
UI-SET,UI-SET-089,docs/ui_ux_controls.md,267,Zoom buttons: “Zoom in”/“Zoom out”; ALWAYS via map layers; keyboard PageUp/Down,task10,,NOT_ASSESSED
UI-SET,UI-SET-090,docs/ui_ux_controls.md,268,"Pitch slider: “Camera pitch ”+degrees+“ degrees below horizon”; CONDITION camera options; min 35, max 65, step 1",task10,,NOT_ASSESSED
UI-SET,UI-SET-091,docs/ui_ux_controls.md,269,Schedule template: “Schedule template: ”+name; WORKSPACE 042; Day/Night/Flexible; preview before apply,task04,task08;task10,NOT_ASSESSED
UI-SET,UI-SET-092,docs/ui_ux_controls.md,270,Back/menu action: Explicit action“Back”/“Main menu”/“Quit game”/“New settlement”; MODAL; dirty save warning when leaving world,task10,task04;task09,NOT_ASSESSED
UI-SET,UI-SET-093,docs/ui_ux_controls.md,271,Panel close: “Close ”+panel_title; CONDITION panel open; never close unrecoverable LOAD state,task10,task09,NOT_ASSESSED
UI-SET,UI-SET-094,docs/ui_ux_controls.md,272,Scroll bar: “Scroll ”+panel_title+position percent; CONDITION overflow;24 px in access mode; wheelworks inside owner,task10,,NOT_ASSESSED
UI-SET,UI-SET-095,docs/ui_ux_controls.md,273,Tab navigation: “Next tab”/“Previous tab”; CONDITION overflow tabs; Ctrl+Tab/Shift+Ctrl+Tab,task10,task05,NOT_ASSESSED
UI-SET,UI-SET-096,docs/ui_ux_controls.md,274,Context quick menu: “Actions for ”+target; CONDITION context; row buttons 066/067 with action labels; outside click consumed,task10,,NOT_ASSESSED
UI-SET,UI-SET-097,docs/ui_ux_controls.md,275,Relief seed action: “Request annual relief seeds; arrives next dawn”; CONDITION seed deadlock or help menu; disable if used this year,task07,task03;task10,NOT_ASSESSED
UI-SET,UI-SET-098,docs/ui_ux_controls.md,276,Pin resident/item: “Pin and name resident”or“Pin resource counter”; SELECTED/ledger; resident pin opens 082; resource pin changes ledger favorites,task08,task10,NOT_ASSESSED
UI-SET,UI-SET-099,docs/ui_ux_controls.md,277,Ration reserve: “Keep ”+quantity+“ ration units for reserves”; M2; future transfer execution hidden,task07,task10,NOT_ASSESSED
UI-SET,UI-SET-100,docs/ui_ux_controls.md,278,"Work policy: Policy name+enabled state+consequence; CONDITION; Auto fallback, Dangerous work, Intensive harvest, Pause production, Auto immigration each has stable instance key",task04,task07;task08;task10,NOT_ASSESSED
UI-SET,UI-SET-101,docs/ui_ux_controls.md,279,"Date trigger: “Year ”+year+“, ”+season+“, day ”+day+“, ”+hour24+“. Open calendar”; ALWAYS; icon in narrow, text otherwise; activates 018; T shortcut",task04,task03;task07;task10,NOT_ASSESSED
UI-SET,UI-SET-102,docs/ui_ux_controls.md,280,"History trigger: “Notification history; ”+unread_count+“ unread”; ALWAYS, even when no alerts; activates 012; N shortcut",task04,task10,NOT_ASSESSED
UI-SET,UI-SET-103,docs/ui_ux_controls.md,281,New settlement: “Create a settlement”; Main menu New settlement action; configuration and initialization below,task04,task07;task10,NOT_ASSESSED
REQ-UX,REQ-UX-001,docs/ui_ux_controls.md,463,"The UI shall implement every registered element using its complete size, profile, label, gate, and behavior contract.",task10,,NOT_ASSESSED
REQ-UX,REQ-UX-002,docs/ui_ux_controls.md,464,"When an input event is accepted by a visible control or active tool, the UI shall prevent that event from issuing a world command.",task04,task06;task10,NOT_ASSESSED
REQ-UX,REQ-UX-003,docs/ui_ux_controls.md,465,"While any modal is open, the UI shall trap focus in that modal and prevent background selection/construction changes.",task04,task06;task10,NOT_ASSESSED
REQ-UX,REQ-UX-004,docs/ui_ux_controls.md,466,"When the viewport or UI scale changes, the UI shall reflow to the defined breakpoint without overlapping active HUD rectangles or shrinking text below 14 logical pixels.",task10,,NOT_ASSESSED
REQ-UX,REQ-UX-005,docs/ui_ux_controls.md,467,"If a requested action is invalid, then the UI shall show the exact reason and required correction before allowing confirmation.",task04,task10,NOT_ASSESSED
REQ-UX,REQ-UX-006,docs/ui_ux_controls.md,468,"While simulation is paused, the UI shall keep camera, selection, inspection, and command previews operational without advancing gameplay.",task04,task07;task10,NOT_ASSESSED
REQ-UX,REQ-UX-007,docs/ui_ux_controls.md,469,"When a critical condition changes, the UI shall announce it once, group repeated causes, and preserve unresolved-condition visibility after acknowledgment.",task04,task07;task10,NOT_ASSESSED
REQ-UX,REQ-UX-008,docs/ui_ux_controls.md,470,"Where reduced motion is enabled, the UI shall remove the specified animations without removing information or changing action timing.",task10,,NOT_ASSESSED
REQ-UX,REQ-UX-009,docs/ui_ux_controls.md,471,"The UI shall expose keyboard-operable alternatives for all required mouse drag, world pick, slider, and reorder actions.",task10,task04,NOT_ASSESSED
REQ-UX,REQ-UX-010,docs/ui_ux_controls.md,472,"When a control is focused, the UI shall provide an accessible name, role, state, value, and description matching its visible function.",task10,task08,NOT_ASSESSED
REQ-UX,REQ-UX-011,docs/ui_ux_controls.md,473,"If an operation would discard a save or demolish a structure, then the UI shall show the concrete affected save/building, resource refund, and blocked evacuation before confirmation.",task06,task07;task09;task10,NOT_ASSESSED
REQ-UX,REQ-UX-012,docs/ui_ux_controls.md,474,"When the player cancels a preview, the UI shall remove only uncommitted preview state and leave inventory/job state unchanged.",task04,task06;task10,NOT_ASSESSED
REQ-UX,REQ-UX-013,docs/ui_ux_controls.md,475,"When a resident is selected by group or accessible list, the UI shall resolve persistent identity and generation rather than trusting a stale render instance index.",task04,task07;task08;task09;task10,NOT_ASSESSED
REQ-UX,REQ-UX-014,docs/ui_ux_controls.md,476,"Where future battle/campaign modules are absent, the UI shall hide attack, army, territory, and transfer-execution commands entirely.",task10,task04,NOT_ASSESSED
REQ-UX,REQ-UX-015,docs/ui_ux_controls.md,477,"When a gameplay unlock is unavailable, the UI shall show its milestone requirements in the relevant catalog without presenting it as an unexplained disabled button.",task08,task10,NOT_ASSESSED
MOVE-REQ,MOVE-REQ-001,docs/movement_direction_amendment.md,34,"WHEN a resident changes spatial domain, the simulation shall execute a declared connection with stable endpoints and a valid traversal profile.",task05,task08,NOT_ASSESSED
MOVE-REQ,MOVE-REQ-002,docs/movement_direction_amendment.md,35,"WHILE excavation is incomplete, the simulation shall keep its unfinished space unavailable for through travel.",task05,,NOT_ASSESSED
MOVE-REQ,MOVE-REQ-003,docs/movement_direction_amendment.md,36,"WHEN any supported underground construction method completes a connected space, the simulation shall publish it through the same topology, room, service and reservation interfaces.",task05,task06,NOT_ASSESSED
MOVE-REQ,MOVE-REQ-004,docs/movement_direction_amendment.md,37,"WHEN builders leave a completed tunnel, the simulation shall retain the passage until a valid world edit changes it.",task05,task04;task10,NOT_ASSESSED
MOVE-REQ,MOVE-REQ-005,docs/movement_direction_amendment.md,38,"IF any required capability, body clearance, posture, grip or carried-load condition fails, THEN the planner shall reject that connection and identify the failed condition.",task05,task09;task10,NOT_ASSESSED
MOVE-REQ,MOVE-REQ-006,docs/movement_direction_amendment.md,39,"WHEN a profile or topology revision changes, the planner shall revalidate affected future route segments before entry.",task05,,NOT_ASSESSED
MOVE-REQ,MOVE-REQ-007,docs/movement_direction_amendment.md,40,"WHILE a resident occupies a transition, the simulation shall preserve its committed progress and valid occupancy when replanning or cancellation occurs.",task05,task07;task08,NOT_ASSESSED
MOVE-REQ,MOVE-REQ-008,docs/movement_direction_amendment.md,41,"WHEN a player requests deletion of occupied access or its only safe exit, the world-edit transaction shall refuse removal until occupants and held reservations are safely resolved.",task05,task04;task06,NOT_ASSESSED
MOVE-REQ,MOVE-REQ-009,docs/movement_direction_amendment.md,42,"IF a planned dive lacks a valid air endpoint or its required budget, THEN the simulation shall reject entry before submergence.",task05,task10,NOT_ASSESSED
MOVE-REQ,MOVE-REQ-010,docs/movement_direction_amendment.md,43,"WHILE a budget-limited resident is submerged, the simulation shall account for travel and waiting on fixed ticks and shall consume no budget while paused.",task05,task04;task08,NOT_ASSESSED
MOVE-REQ,MOVE-REQ-011,docs/movement_direction_amendment.md,44,"WHEN a resident begins canopy work, the planner shall validate the work contact and a supported return route.",task05,task08,NOT_ASSESSED
MOVE-REQ,MOVE-REQ-012,docs/movement_direction_amendment.md,45,"WHEN a group requests a constrained route, the planner shall check each participant rather than granting passage from the presence of one specialist.",task05,,NOT_ASSESSED
MOVE-REQ,MOVE-REQ-013,docs/movement_direction_amendment.md,46,"WHEN two residents share X/Z on different levels, the simulation shall retain distinct occupancy and shall require a real connection for transfer or service access.",task05,task04;task06;task08;task10,NOT_ASSESSED
MOVE-REQ,MOVE-REQ-014,docs/movement_direction_amendment.md,47,"WHEN movement reaches an existing fishing task, the economy shall use the basin's existing authoritative stock and edible whitelist.",task05,task03,NOT_ASSESSED
MOVE-REQ,MOVE-REQ-015,docs/movement_direction_amendment.md,48,"WHEN a view hides a floor, canopy or water layer, presentation shall preserve simulation occupancy, discovery and visibility.",task05,task07;task10,NOT_ASSESSED
MOVE-REQ,MOVE-REQ-016,docs/movement_direction_amendment.md,49,"WHEN saving during traversal, the save shall preserve profile revision, occupied locations/edge, progress, reservations, queue order, pending planner readiness and consumed budgets needed for next-tick parity.",task09,task04;task05;task06;task07,NOT_ASSESSED
MOVE-REQ,MOVE-REQ-017,docs/movement_direction_amendment.md,50,"WHILE distant rendering is active, the renderer shall retain the actual movement family and domain.",task05,task10,NOT_ASSESSED
MOVE-REQ,MOVE-REQ-018,docs/movement_direction_amendment.md,51,"WHEN a route is blocked, the UI shall distinguish planning, waiting for access, incompatibility and lack of an exit using text as well as color.",task05,task10,NOT_ASSESSED
MOVE-REQ,MOVE-REQ-019,docs/movement_direction_amendment.md,52,"WHEN a resident changes carried items before a crossing, the economy and movement systems shall agree on the committed load; presentation shall not stow or discard authoritative inventory implicitly.",task05,task06;task08;task09;task10,NOT_ASSESSED
MOVE-REQ,MOVE-REQ-020,docs/movement_direction_amendment.md,53,"WHEN a development stage lacks the completed movement contract, its release report shall identify that stage as partial and list unimplemented adopted requirements.",task10,task05,NOT_ASSESSED
MOVE-TEST,MOVE-TEST-01,docs/movement_direction_amendment.md,110,"Connect a placed burrow, a planned tunnel and a freely excavated deeper room through finished access; expected: One valid job/service route; builder departure does not remove it",task05,task04;task06;task08;task10,NOT_ASSESSED
MOVE-TEST,MOVE-TEST-02,docs/movement_direction_amendment.md,111,Haul through a completed tunnel; change to a load that fails its declared clearance; expected: Future incompatible entry is refused; inventory remains conserved,task05,task06;task09,NOT_ASSESSED
MOVE-TEST,MOVE-TEST-03,docs/movement_direction_amendment.md,112,"Queue several residents at a constrained crossing; pause/save/reload mid-queue and mid-crossing; expected: Same next owner, progress, resources and authoritative hash as uninterrupted control",task09,task04;task05;task08,NOT_ASSESSED
MOVE-TEST,MOVE-TEST-04,docs/movement_direction_amendment.md,113,Plan a dive with no valid exit or inadequate budget; then provide the fixture's valid exit/budget; expected: First entry rejected; valid case admitted under its profile; paused time consumes none,task05,task04,NOT_ASSESSED
MOVE-TEST,MOVE-TEST-05,docs/movement_direction_amendment.md,114,Begin branch work and request removal of its only descent; expected: Destructive edit refused with a reason; resident remains on its real route,task05,task08,NOT_ASSESSED
MOVE-TEST,MOVE-TEST-06,docs/movement_direction_amendment.md,115,Put residents above/below one another; switch cutaway and select each from the list; expected: Selection follows explicit identity; no cross-floor accidental transfer/picking,task05,task08,NOT_ASSESSED
MOVE-TEST,MOVE-TEST-07,docs/movement_direction_amendment.md,116,Harvest one basin from bank and supported water work contacts; expected: One stock balance and the existing whitelist; no separate swimmer stock,task03,task05,NOT_ASSESSED
MOVE-TEST,MOVE-TEST-08,docs/movement_direction_amendment.md,117,Run identical commands at 1×/2×/4× and multiple LOD/cutaway states; expected: Equal authoritative state at equal ticks; presentation differences do not alter travel,task09,task04;task05;task10,NOT_ASSESSED
MOVE-TEST,MOVE-TEST-09,docs/movement_direction_amendment.md,118,Use a cheap nonlocal connection that defeats flat octile admissibility; expected: Production route equals Dijkstra reference cost and preserves deterministic ties,task05,task07;task09,NOT_ASSESSED
MOVE-TEST,MOVE-TEST-10,docs/movement_direction_amendment.md,119,"Exhaust each new finite arena and interrupt a topology edit; expected: Defined refusal/rollback; no corrupted handles, lost inventory or stranded occupant",task05,task06;task09,NOT_ASSESSED
SET-AMEND,REQ-ADM-001,docs/setting_rules_amendment.md,24,"The catalog compiler shall reject a food-source creature classified as sapient, a resident species also registered as food stock, and any mammal or bird harvest source.",task03,task07;task08,NOT_ASSESSED
SET-AMEND,REQ-ADM-002,docs/setting_rules_amendment.md,25,"When a food job reserves an aquatic stock, the system shall require membership in the exact edible aquatic whitelist and shall preserve the existing stock, quota, closure and hazard rules.",task03,task04;task07;task10,NOT_ASSESSED
SET-AMEND,REQ-ADM-003,docs/setting_rules_amendment.md,26,"If a command, scenario, recipe, lot, job or building references a retired key from Section 3, then the validator shall reject it before world mutation rather than substitute an item or spawn free resources.",task03,task04;task06;task07;task10,NOT_ASSESSED
SET-AMEND,REQ-ADM-004,docs/setting_rules_amendment.md,129,"When the immigration review displays an exception, the UI shall label it “Individual petition”, show its authored description and species, and expose the same exact housing/food consequences as ordinary candidates.",task08,task07;task10,NOT_ASSESSED
SET-AMEND,REQ-ADM-005,docs/setting_rules_amendment.md,130,"While automatic immigration is enabled, the system shall exclude authored exceptions from automatic acceptance and leave them available for an explicit player decision until expiry.",task08,task07,NOT_ASSESSED
SET-AMEND,REQ-ADM-006,docs/setting_rules_amendment.md,131,"When a candidate is accepted or refused, the system shall clear that pending row in the same committed transaction and reject repeated decisions on the cleared row.",task08,,NOT_ASSESSED
SET-AMEND,REQ-ADM-007,docs/setting_rules_amendment.md,132,"When job controls or mastery checks enumerate skills, the system shall omit RESERVED_3 and preserve the remaining numeric indices.",task04,task07,NOT_ASSESSED
SET-AMEND,REQ-ADM-008,docs/setting_rules_amendment.md,133,"When a v2 save is loaded, the validator shall require current rules/catalog hashes, canonical reserved fields and the scenario-bound admission profile before applying world data.",task09,task04;task10,NOT_ASSESSED
SET-AMEND,SET-AMEND-001-RET-01,docs/setting_rules_amendment.md,36,Retire listed hunting/game item keys; add only meal_nut_roast.,task06,task03;task07;task09,NOT_ASSESSED
SET-AMEND,SET-AMEND-001-RET-02,docs/setting_rules_amendment.md,37,Retire hunting main recipes; replace only game_roast with nut_roast.,task07,task03;task06;task09,NOT_ASSESSED
SET-AMEND,SET-AMEND-001-RET-03,docs/setting_rules_amendment.md,38,Remove game-animal ancillary recipes.,task07,task03;task09,NOT_ASSESSED
SET-AMEND,SET-AMEND-001-RET-04,docs/setting_rules_amendment.md,39,Remove hunter_hut without an empty-purpose replacement.,task06,task03;task09,NOT_ASSESSED
SET-AMEND,SET-AMEND-001-RET-05,docs/setting_rules_amendment.md,40,"Keep deer, boar, and grouse out of active food stocks and jobs.",task03,task04;task07;task09,NOT_ASSESSED
SET-AMEND,SET-AMEND-001-RET-06,docs/setting_rules_amendment.md,41,"Keep skill/job index 3 as zero, unassignable RESERVED_3 while preserving stride.",task04,task08;task09;task10,NOT_ASSESSED
SET-AMEND,SET-AMEND-001-RET-07,docs/setting_rules_amendment.md,42,Keep zone index 1 as rejected RESERVED_1 while preserving enum values.,task04,task03;task09;task10,NOT_ASSESSED
SET-AMEND,SET-AMEND-001-RET-08,docs/setting_rules_amendment.md,43,Retain FaunaStockReserved as canonical empty allocated schema.,task03,task09;task10,NOT_ASSESSED
SET-AMEND,SET-AMEND-001-RET-09,docs/setting_rules_amendment.md,44,Retain HUNTING RNG as a zero-draw tombstone.,task03,task09;task10,NOT_ASSESSED
SET-AMEND,SET-AMEND-001-RET-10,docs/setting_rules_amendment.md,45,Retain labor_hunt_mwu telemetry and require zero.,task10,task03;task09,NOT_ASSESSED
