day,year,season,season_day,partial,items_total/produced,items_total/withdrawn,items_total/spoiled,kitchen/portions_eaten,kitchen/cooked_milli,kitchen/raw_eaten_milli,kitchen/table_spoiled_portions,stock/total_milli,reserve_days_milli_min,reserve_days_milli_end,meals/ate,meals/raw,meals/without,fed_resident_hours/fed,fed_resident_hours/peckish,fed_resident_hours/hungry,labour_ticks/work,labour_ticks/idle,labour_ticks/meal,labour_ticks/rest,labour_ticks/other,board/queue_max,board/claimed,board/dropped,board/wait_ticks_sum,board/wait_ticks_max,materials/wood/in,materials/wood/out,materials/wood/end,materials/planks/end,materials/stone/end,materials/earth/end,weather/event,weather/frost_night,weather/blight_outbreak,weather/air_tenths_min,beds/sown,beds/harvested,beds/growing_end,incidents/occurrences,incidents/critical,rescues
0,0,0,1,0,7680,0,0,0,0,0,0,7680,0,0,0,0,18,152,1,0,10112,84208,0,27072,0,4,3,1,16,8,0,2000,38000,2000,20000,0,,0,0,120,2,0,5,5,1,0
1,0,0,2,0,5100,5100,0,0,4000,1100,0,7680,0,333,0,1,17,52,65,99,16928,76400,1136,67536,0,3,3,1,28,12,0,2100,35900,4000,20000,0,,0,0,120,1,1,5,2,1,0
2,0,0,3,0,0,4000,0,6,4000,0,0,3680,0,0,6,0,12,0,12,204,5376,76864,12224,67536,0,1,2,0,2080,2068,0,100,35800,4000,20000,0,,0,0,120,1,0,6,0,0,0
3,0,0,4,0,6712,0,3680,0,0,0,0,6712,0,0,0,0,18,0,0,216,4608,89856,0,67536,0,1,1,0,12,12,0,0,35800,4000,20000,0,,0,0,120,0,0,6,3,1,0
4,0,0,5,0,5100,5100,0,0,0,5100,0,6712,0,0,0,2,16,0,3,213,4768,88336,1360,67536,0,1,1,0,12,12,0,0,35800,4000,20000,0,,0,0,120,0,1,5,1,1,0
5,0,0,6,0,0,0,0,0,0,0,0,6712,0,0,0,0,18,0,2,214,1040,93415,0,67536,0,1,1,0,12,12,0,0,35800,4000,20000,0,ideal_spell,0,0,180,1,0,6,1,1,0
6,0,0,7,0,7344,0,6712,0,0,0,0,7344,0,0,0,0,18,0,0,216,4688,89776,0,67536,0,1,1,0,12,12,0,0,35800,4000,20000,0,ideal_spell,0,0,180,0,0,6,5,1,0
7,0,0,8,0,8500,0,0,0,0,0,0,15844,0,444,0,0,18,0,0,216,12832,81632,0,67536,0,3,5,0,56,12,0,0,35800,4000,20000,0,ideal_spell,0,0,180,0,1,5,1,1,0
8,0,0,9,0,5100,16000,0,14,16000,0,0,4944,0,0,14,1,3,0,18,198,12960,68656,12848,67536,0,1,2,0,8256,7504,0,600,35200,4000,20000,0,,0,0,120,0,1,4,1,1,0
9,0,0,10,0,7304,1100,3344,0,0,1100,0,7804,0,0,0,1,17,0,0,216,11360,81568,1536,67536,0,4,6,0,76,16,0,0,35200,4000,20000,0,,0,0,120,0,0,4,4,1,0
10,0,0,11,0,4166,8166,0,4,8000,166,0,3804,0,111,4,1,13,0,8,208,11952,76016,6496,67536,0,1,1,0,1508,1508,0,200,35000,4000,20000,0,,1,0,-30,0,1,3,2,1,0
11,0,0,12,0,11566,8000,0,8,8000,0,0,7370,0,0,8,1,9,0,15,201,8815,74536,11104,67536,0,1,4,0,292,252,0,200,34800,4000,20000,0,,0,1,120,0,1,2,2,1,0
12,0,1,1,0,8160,8166,0,5,8000,166,0,7364,0,166,5,1,12,0,4,212,10704,76048,7712,67536,0,4,4,0,56,16,0,400,34400,4000,20000,0,,0,0,220,4,1,5,2,1,0
13,0,1,2,0,0,0,6704,0,0,0,3,660,0,0,0,0,18,0,0,216,0,94464,0,67536,0,1,0,0,0,0,0,0,34400,4000,20000,0,,0,0,220,0,0,5,2,1,0
14,0,1,3,0,14561,8000,0,6,8000,0,0,7221,0,111,6,0,12,0,3,213,25056,61536,7872,67536,0,5,5,0,6812,6756,0,400,34000,4000,20000,0,,0,0,220,0,1,4,3,1,0
15,0,1,4,0,0,0,0,0,0,0,2,7221,0,0,0,0,18,0,0,216,0,94464,0,67536,0,0,0,0,0,0,0,0,34000,4000,20000,0,,0,1,220,0,0,4,2,1,0
16,0,1,5,0,0,0,6041,0,0,0,0,1180,0,0,0,0,18,0,0,216,6800,87664,0,67527,0,3,3,0,36,12,0,0,34000,4000,20000,0,,0,0,220,0,0,4,2,1,0
17,0,1,6,0,9453,5297,0,3,4000,1297,0,5336,0,0,3,1,14,0,6,210,9072,79408,5984,67536,0,2,3,1,624,608,0,100,33900,4000,20000,0,calm_days,0,0,220,0,1,3,3,1,0
18,0,1,7,0,12072,8000,0,6,8000,0,0,9408,0,222,6,1,11,0,11,205,17616,69344,7504,67536,0,3,3,0,16520,7508,0,200,33700,4000,20000,0,calm_days,0,0,220,0,3,0,2,1,0
19,0,1,8,0,7434,8072,156,4,6000,2072,0,8614,0,0,4,1,13,0,3,213,4464,83408,6592,67536,0,1,3,0,344,328,0,200,33500,4000,20000,0,,0,0,220,0,0,0,2,0,0
20,0,1,9,0,0,0,0,0,0,0,0,8614,0,0,0,0,18,0,0,216,0,94464,0,67536,0,0,0,0,0,0,0,0,33500,4000,20000,0,,0,0,220,0,0,0,1,1,0
21,0,1,10,0,6220,0,7434,0,0,0,0,7400,0,0,0,0,18,0,0,216,2272,92192,0,67536,0,1,1,0,12,12,0,0,33500,4000,20000,0,,0,1,220,0,0,0,1,1,0
22,0,1,11,0,0,0,0,0,0,0,0,7400,0,0,0,0,18,0,0,216,0,94455,0,67536,0,0,0,0,0,0,0,0,33500,4000,20000,0,,0,0,220,0,0,0,1,1,0
23,0,1,12,0,6252,0,6220,0,0,0,0,7432,0,0,0,0,18,0,0,216,4992,89472,0,67536,0,1,2,0,16,8,0,0,33500,4000,20000,0,,0,0,220,0,0,0,2,1,0
24,0,2,1,0,0,0,0,0,0,0,0,7432,0,0,0,0,18,0,0,216,0,94464,0,67536,0,0,0,0,0,0,0,0,33500,4000,20000,0,,0,0,100,0,0,0,1,1,0
25,0,2,2,0,0,0,6252,0,0,0,0,1180,0,0,0,0,18,0,0,216,0,94464,0,67536,0,0,0,0,0,0,0,0,33500,4000,20000,0,,0,0,100,0,0,0,2,1,0
26,0,2,3,0,7896,0,0,0,0,0,0,9076,0,0,0,0,18,0,0,216,4976,89488,0,67536,0,1,2,0,16,8,0,0,33500,4000,20000,0,,1,0,-30,0,0,0,2,1,0
27,0,2,4,0,0,0,0,0,0,0,0,9076,0,0,0,0,18,0,0,216,0,94464,0,67536,0,0,0,0,0,0,0,0,33500,4000,20000,0,,0,0,100,0,0,0,1,1,0
28,0,2,5,0,0,0,0,0,0,0,0,9076,0,0,0,0,18,0,0,216,0,94464,0,67527,0,0,0,0,0,0,0,0,33500,4000,20000,0,,0,0,100,0,0,0,1,1,0
29,0,2,6,0,7944,0,7896,0,0,0,0,9124,0,0,0,0,18,0,0,216,4864,89600,0,67536,0,1,2,0,16,8,0,0,33500,4000,20000,0,ideal_spell,0,1,180,0,0,0,2,1,0
30,0,2,7,0,0,0,0,0,0,0,0,9124,0,0,0,0,18,0,0,216,0,94464,0,67536,0,0,0,0,0,0,0,0,33500,4000,20000,0,ideal_spell,0,0,180,0,0,0,2,1,0
31,0,2,8,0,0,0,0,0,0,0,0,9124,0,0,0,0,18,0,0,216,1216,93248,0,67536,0,0,0,0,0,0,0,0,33500,4000,20000,0,ideal_spell,1,0,-30,0,0,0,1,1,0
32,0,2,9,0,7984,0,7944,0,0,0,0,9164,0,0,0,0,18,0,0,216,5088,89376,0,67536,0,1,1,0,8,8,0,0,33500,4000,20000,0,,0,0,100,0,0,0,2,1,0
33,0,2,10,0,0,0,0,0,0,0,0,9164,0,0,0,0,18,0,0,216,0,94455,0,67536,0,0,0,0,0,0,0,0,33500,4000,20000,0,,0,0,100,0,0,0,1,1,0
34,0,2,11,0,0,0,0,0,0,0,0,9164,0,0,0,0,18,0,0,216,0,94464,0,67536,0,0,0,0,0,0,0,0,33500,4000,20000,0,,0,0,100,0,0,0,1,1,0
35,0,2,12,0,9600,0,7984,0,0,0,0,10780,0,0,0,0,18,0,0,216,3088,91376,0,67536,0,1,1,0,8,8,0,0,33500,4000,20000,0,,0,0,100,0,0,0,2,1,0
36,0,3,1,0,0,0,0,0,0,0,0,10780,0,0,0,0,18,0,0,216,0,94464,0,67536,0,0,0,0,0,0,0,0,33500,4000,20000,0,,0,0,-50,0,0,0,2,1,0
37,0,3,2,0,0,0,0,0,0,0,0,10780,0,0,0,0,18,0,0,216,0,94464,0,67536,0,0,0,0,0,0,0,0,33500,4000,20000,0,,0,0,-50,0,0,0,0,0,0
38,0,3,3,0,0,0,0,0,0,0,0,10780,0,0,0,0,18,0,0,216,0,94464,0,67536,0,0,0,0,0,0,0,0,33500,4000,20000,0,,0,0,-50,0,0,0,1,1,0
39,0,3,4,0,0,0,0,0,0,0,0,10780,0,0,0,0,18,0,0,216,0,94464,0,67527,0,0,0,0,0,0,0,0,33500,4000,20000,0,,0,0,-50,0,0,0,1,1,0
40,0,3,5,0,4800,0,9600,0,0,0,0,5980,0,0,0,0,18,0,0,216,3488,90976,0,67536,0,1,1,0,8,8,0,0,33500,4000,20000,0,,0,0,-50,0,0,0,2,1,0
41,0,3,6,0,0,0,0,0,0,0,0,5980,0,0,0,0,18,0,0,216,0,94464,0,67536,0,0,0,0,0,0,0,0,33500,4000,20000,0,hard_freeze,0,0,-120,0,0,0,1,1,0
42,0,3,7,0,0,0,0,0,0,0,0,5980,0,0,0,0,18,0,0,216,0,94464,0,67536,0,0,0,0,0,0,0,0,33500,4000,20000,0,hard_freeze,0,0,-120,0,0,0,1,1,0
43,0,3,8,0,0,0,0,0,0,0,0,5980,0,0,0,0,18,0,0,216,1216,93248,0,67536,0,0,0,0,0,0,0,0,33500,4000,20000,0,hard_freeze,0,0,-120,0,0,0,1,1,0
44,0,3,9,0,0,0,0,0,0,0,0,5980,0,0,0,0,18,0,0,216,0,94599,0,67392,0,0,0,0,0,0,0,0,33500,4000,20000,0,,0,0,-50,0,0,0,1,1,0
45,0,3,10,0,0,0,4800,0,0,0,0,1180,0,0,0,0,18,0,0,216,0,94480,0,67520,0,0,0,0,0,0,0,0,33500,4000,20000,0,,0,0,-50,0,0,0,1,1,0
46,0,3,11,0,4000,0,0,0,0,0,0,5180,0,0,0,0,18,0,0,216,5600,88880,0,67520,0,1,2,0,8,4,0,0,33500,4000,20000,0,,0,0,-50,0,0,0,2,1,0
47,0,3,12,0,0,0,0,0,0,0,0,5180,0,0,0,0,18,0,0,216,0,94480,0,67520,0,0,0,0,0,0,0,0,33500,4000,20000,0,,0,0,-50,0,0,0,1,1,0
